train_id,price_pred
450414,14.005205
406368,27.432781
136022,9.324162
596088,18.939638
1161685,6.4411025
726217,10.9526415
700762,22.205048
565641,12.287525
606113,9.139606
888245,10.498306
758037,21.763554
666900,10.035942
192660,12.8383045
438741,11.795868
1301625,9.9291725
1289031,15.800053
935268,22.027666
40069,13.894547
1212736,15.958494
1259504,11.770334
204439,9.85364
21307,11.954428
1263238,32.606323
486547,6.6719604
1146136,17.690416
689892,18.895618
239943,14.191405
24198,17.338013
1331827,10.5826435
31431,40.734375
33267,22.67798
612420,12.368803
687556,6.852379
1432926,5.957856
446439,13.645101
318478,8.457067
1345605,15.748638
696645,9.579026
226113,21.494272
618872,22.462734
213471,79.298065
339251,4.3760552
556991,13.256083
256083,20.820002
13850,33.285355
1267837,17.190308
1478203,3.7217498
824661,74.65603
1015391,50.44357
96931,28.5559
130414,15.873545
39892,53.39673
1184433,57.731857
719537,64.51294
1392054,38.32471
1305496,14.715762
33377,11.319616
471528,8.986129
1390546,20.311977
561624,40.079205
1435811,13.471644
967473,11.165592
85931,9.37952
330625,27.707144
597746,47.180893
381209,15.400695
786738,26.462936
1269057,80.54418
568649,9.131112
237657,114.1173
1146932,22.590878
387616,12.728175
132226,6.414238
999302,8.375853
81978,15.816447
1337214,15.698153
1044563,7.1078486
418818,11.037323
60207,15.510685
420585,16.20996
9919,23.905481
1365980,61.97308
1269923,18.782585
1154977,23.57481
1329002,26.04597
1110242,22.272427
57082,19.15356
1150927,122.46286
753809,10.758238
251018,26.317625
306925,16.93949
1318890,12.176635
805570,4.10238
28928,150.76129
480685,11.679649
390981,24.69736
973800,41.980232
467920,25.49788
788338,18.84436
537031,9.737784
1424929,36.113277
1180351,18.51693
358045,17.957682
581048,31.174025
107798,15.559376
702700,4.7941713
424909,32.007423
1380786,122.64443
1164490,10.625634
1290472,37.597416
1172939,10.570507
367746,7.21559
1161933,55.57209
1040174,24.547247
524012,17.731205
1474453,57.234497
409278,11.373733
1338509,19.030476
63872,15.328441
330427,35.815567
1112525,7.21154
56536,7.85014
175066,81.77312
865276,7.12411
453817,23.543577
999370,11.350322
1220443,7.8302393
346691,13.184734
55726,17.730007
1400135,28.816309
718601,15.1497555
1032956,12.767928
1361158,6.6541853
826677,15.531148
455170,3.2163908
1001302,26.629417
1273986,15.546594
597757,3.5582871
1152447,18.181328
365296,41.748257
367540,16.706924
277076,22.426865
234819,15.978099
748173,11.984363
703312,13.856301
725611,16.165813
587988,18.317759
1126691,12.346352
1286885,8.605824
702868,11.483489
223794,8.864122
677299,20.84101
277849,11.281046
171711,6.7351947
557378,31.772787
442525,13.457002
642428,16.289804
519742,9.060594
586419,12.203696
1110868,4.898892
100467,6.3583
1211254,22.682695
387452,114.624084
141221,407.9858
785073,45.240196
1368325,16.10353
182790,37.69526
1431038,19.189285
1284298,18.91896
753431,25.288052
759500,12.825332
1003338,19.327795
1065699,23.063473
482131,10.039294
770063,24.627993
500731,18.57108
343001,143.55396
935798,81.84479
1024313,6.883789
150392,20.523539
1436386,7.113768
1157256,8.815528
1189309,12.451673
239935,21.488455
130262,46.268158
858099,11.823811
75160,14.459464
447217,20.11694
625794,13.952715
314584,8.888944
42496,51.92562
1067853,13.187979
554825,41.675743
810929,27.595846
683496,15.342088
390119,14.530931
1189734,12.007437
115139,7.668631
550335,67.236206
6881,96.45665
1271298,23.864021
362774,35.070312
862476,14.706828
1302488,38.29734
544598,4.1337295
1239694,25.263756
978045,24.061165
339281,12.374398
82894,17.302116
589446,24.562302
376026,20.944252
1241037,20.762323
879757,134.51959
575927,12.916909
768315,14.252187
474538,33.89748
1069869,22.258154
1277903,23.866735
348476,25.343327
832189,14.334624
423242,8.464346
472721,9.841836
341610,18.420498
575973,16.31621
372091,10.55332
194706,104.86197
1385051,41.405304
689261,37.729153
1364153,13.206545
628331,14.245737
733316,12.225823
225060,26.69531
1302489,36.982986
171662,16.14251
29456,22.796028
1453314,8.73127
1087375,9.6666975
391959,26.911674
1179458,22.730427
791351,13.017519
951459,14.456815
186363,38.441948
1312803,59.855713
745555,4.0271735
1473559,10.981501
519728,18.869385
1464266,8.268487
525747,28.711788
642218,13.894605
923896,26.39223
1295823,8.980457
1394721,24.370033
1411250,10.643398
171714,16.059555
114500,6.8460217
741801,65.92023
890600,30.314203
264731,17.353102
1051361,7.8874774
439449,12.019649
1406285,34.017155
804589,13.618669
495028,27.853086
1408036,23.609314
324123,16.719978
717918,135.74684
594351,28.954195
836518,44.77441
99660,35.748287
673620,27.460032
436808,8.595154
371449,28.037539
814269,11.752049
252682,18.619213
887128,12.975106
906305,34.360424
671893,30.62553
505973,10.12467
509374,4.2125983
25842,20.028746
317214,10.327724
1418056,7.038945
852364,191.3618
125216,10.927652
416084,13.237502
358882,5.251566
1001680,56.237225
1324511,21.216131
479969,38.222237
221161,11.739754
353801,12.19496
1268371,7.2391777
7073,25.060377
863296,19.819635
1193881,10.729519
28527,7.23037
375585,7.909918
482280,17.368048
688078,23.884777
968754,12.968011
107198,59.57177
197947,129.89604
409215,30.345793
869487,4.4907866
543821,6.7707887
920550,14.290759
1087306,18.517612
1236562,14.5549555
834535,22.889944
65340,35.99
778739,6.078468
743475,61.229393
271238,10.415507
907006,18.3906
425758,7.7726
165661,10.705767
1123539,14.221762
723098,17.446247
1402479,20.225296
780561,48.381847
714862,11.012223
1264386,17.418047
1071784,25.777632
164662,48.130417
1482050,10.720607
963652,13.7607765
1087582,21.671164
817277,18.332935
294213,27.368097
807624,33.600662
1427391,55.057777
1413278,17.035385
29988,11.914609
275948,12.290322
224804,3.9720974
1366138,10.193314
323773,6.5482035
1409055,25.010153
1319517,38.81049
210467,6.744754
620931,8.829345
495409,12.472378
268159,14.966359
1194295,35.83782
1316599,16.30755
519276,27.438992
471791,98.626434
168120,21.12881
1355426,32.82234
378089,11.39336
153689,70.48348
243062,15.438523
718600,25.703028
843828,34.062603
937912,5.9890018
1290567,35.74742
148262,23.62758
258968,3.3637922
1155810,12.390453
722074,35.59893
360743,29.955942
1198739,26.77413
520992,17.334538
716132,29.53904
1429802,9.012229
989283,13.977509
459524,12.13227
41307,93.88143
1042294,8.28872
636860,10.740788
1456815,27.24982
1351824,29.687563
1290346,14.667774
1440896,22.249567
812430,35.841278
26241,15.0127
698757,13.957307
960203,14.420853
1161885,18.989279
996204,5.8924747
561166,10.847495
1208124,13.738724
146215,12.132786
191422,50.29929
355223,21.467234
1411007,63.404747
1086110,41.651115
949596,15.047051
1453296,11.553656
484475,11.165862
854528,5.763545
1128928,22.70511
1348114,20.053503
1151066,16.513266
772880,88.37745
403581,3.6761355
751229,23.710629
132292,17.454117
1265253,67.72051
952389,10.243255
622151,50.994503
930470,10.144816
1017632,12.983998
1012941,20.120499
1104752,16.681149
1265245,10.914501
1371461,12.871483
1177152,13.139004
614315,10.839205
578349,39.08019
1315938,13.059669
967474,16.043806
540033,3.8543432
916174,14.090639
1431973,11.351161
1152135,33.864067
1264295,8.245006
692878,12.759643
879444,32.5025
1226522,11.294145
1210117,46.59117
284875,16.762848
995792,11.849411
309014,10.229452
408511,55.885143
42450,61.83942
627524,20.575779
89146,45.070805
1123166,5.030858
755901,10.826047
741080,21.331789
656855,52.82309
1237358,20.776237
1039494,18.80868
991688,40.318886
552322,12.440231
332534,13.5438795
1022491,23.310907
1162269,21.387081
599394,23.295235
88192,38.982925
1291332,9.981383
1077489,38.908676
1477975,93.60802
190143,11.281216
636763,13.02044
932515,44.960052
639357,15.097816
843529,59.316147
1051882,21.785152
993193,21.722956
1205602,24.521652
764486,9.309704
765297,37.7812
195353,12.8041725
1281503,14.58375
505964,33.44983
1023222,10.0548
82416,7.0393844
830993,40.148293
896365,40.430573
306700,26.910896
1116499,35.677353
751152,46.754833
946106,30.945877
501465,20.835173
386851,6.8298573
682778,16.274826
571930,11.497391
102584,14.283488
1120256,55.75558
37308,24.117147
808300,27.10405
1309748,5.906029
1284208,22.213182
661316,20.038122
1423967,10.443365
239887,64.0687
867284,53.940872
134420,13.131832
1195990,22.462109
141863,17.351812
805042,32.705597
601358,11.800378
954903,48.796368
1024757,12.549649
104848,67.67334
34338,10.708938
1143594,19.884085
1300592,38.7885
1460117,24.158676
1130470,13.150818
827793,11.585626
1028296,13.678695
429652,13.635428
914428,7.9076347
986491,10.530997
395117,13.422137
851320,11.182506
1320650,32.46287
666052,11.557065
1289699,13.471602
1232094,34.60296
776406,22.69673
1031709,18.377193
55297,38.582012
1327391,3.5767233
1338953,11.714295
688635,41.68889
1000986,25.440983
1225227,18.996435
1353478,29.1756
608060,31.077946
1266123,8.039403
218414,8.970404
258426,34.926785
921285,30.940607
1383250,50.564682
729161,11.633159
568557,5.806411
91816,15.072054
640743,23.18609
1283256,30.081598
499729,13.840587
1378082,19.964659
414258,24.31485
504590,7.0629373
841879,31.55298
370795,30.33153
1281179,84.19022
491567,33.375298
1464972,10.328606
843492,43.472122
612745,25.68982
921728,12.327091
1090543,10.882882
1161857,27.281137
713401,19.444113
200904,25.481
821009,26.928503
219466,10.850897
1431930,11.471453
345083,21.608295
968681,47.60064
1481174,5.9821715
592769,38.90235
980524,37.5607
377142,10.995606
125725,30.412458
1361838,28.957888
1247085,17.353868
62946,20.473839
913951,62.71946
476437,23.539726
794798,3.9702644
1011639,12.005955
773921,16.800438
1453895,13.470557
982311,13.174133
712193,6.5812507
1314818,11.69133
146249,3.7424905
1453631,25.535156
728973,45.474197
76918,8.99224
1160828,9.103371
758093,47.624874
1064358,16.627558
522157,28.985157
853965,15.947132
29931,19.401566
815617,63.130993
1095671,21.611256
1215697,11.581044
985942,11.03299
1131612,16.34163
259313,67.12225
550298,18.960539
391175,15.529973
1058471,12.604329
1398595,19.618105
208761,10.994177
360701,11.368683
990822,15.690753
13477,15.655128
940844,9.091085
46670,5.743637
433545,48.254093
706442,9.700985
387027,27.16117
1341833,23.871023
589735,63.42972
573286,25.261139
38676,32.98325
761076,34.90036
213726,7.2504926
1286157,15.849368
358090,41.911385
880813,44.105377
1073098,35.815006
5357,35.486313
994251,45.659706
619886,59.434326
46571,52.89636
1269961,37.64867
739751,51.73164
875779,10.121882
1467093,18.564714
844804,24.551662
428963,14.288922
538778,24.242027
1093188,19.24737
817262,47.7083
636054,3.7446077
1241105,13.084369
1241849,6.32012
415006,6.508769
7850,10.921147
627546,30.409868
984807,37.97002
874221,27.118345
1042919,47.882107
62327,39.73826
767508,17.739964
643405,15.9097185
517662,9.751205
1422479,137.5491
528923,8.172998
1051301,12.915525
517694,14.361556
1003219,17.820766
513532,16.619087
1317096,14.342648
1375534,19.821854
718001,7.804517
1021083,47.409397
1230367,58.55108
1273043,10.521766
823907,21.657448
58263,9.799359
657246,42.803505
1064809,83.628654
355917,20.440836
117948,25.092999
691883,6.5923114
694899,18.255037
1380186,22.154585
421330,36.640717
833234,51.35139
1232216,21.086523
942274,4.23479
204307,24.918585
76782,147.55533
578392,35.98361
1234730,13.040913
1456984,46.79133
424556,18.85179
583822,7.7304068
684192,11.317372
854381,24.539999
973728,38.924267
261389,15.787489
167873,98.41052
1132410,17.939137
417155,65.25813
1317050,15.645883
1136099,17.243448
479203,11.426999
875421,12.836338
722549,11.399565
178051,57.33202
504811,22.374283
1185465,24.574482
609455,29.401144
449502,20.052965
49330,9.797199
74049,39.535824
206530,16.89438
178539,92.36608
929637,15.758137
1019077,9.466472
147039,11.101057
1114735,13.453865
1288354,52.06442
446814,20.503468
1395440,12.184896
1397247,11.277638
729980,13.536676
187128,21.983944
1292045,14.3480215
342504,97.36777
285129,36.94074
118615,12.897535
826869,33.19796
143773,8.514443
1172279,68.87663
723129,25.918116
667347,31.374828
813343,21.610258
890092,22.931063
1229183,20.47409
1000539,8.142684
771463,14.723314
570753,26.605463
472375,16.250843
897967,10.7750225
416071,43.28609
405473,17.532362
770567,18.792435
421138,25.32707
1240666,20.219244
582283,15.206066
60713,40.494263
1480980,17.452547
905018,13.193788
401440,18.73392
1453718,4.8751183
1175668,25.662827
665630,20.49426
832465,20.338406
263970,45.220486
476485,7.990146
708184,10.553918
131891,22.523664
984723,18.081814
271751,10.890598
1135908,8.693313
10264,22.353971
47106,47.515873
1310457,19.992348
1028446,10.942859
944951,32.396168
905434,31.061438
838179,4.3645196
540469,18.889803
1251673,26.896414
1127013,12.862563
1031858,31.514328
1048030,16.34927
723076,19.566528
910464,65.944
1240805,39.655396
187943,29.654583
576042,22.566109
500409,14.652757
1010998,48.776974
36218,8.062058
284881,27.205666
812608,30.120712
1106901,15.439205
970217,21.08599
1314581,10.503845
1222663,19.640108
1344438,8.084661
558714,9.763345
524051,10.974068
1438561,33.301174
1376929,15.644001
1421431,6.1184115
728243,12.394106
1121214,12.5456085
10656,53.82805
889718,29.025826
476471,12.339719
1259090,11.938753
499336,11.031662
104434,20.889862
1030591,33.71607
296175,33.678127
173344,12.739331
956434,12.801757
768402,10.085878
445518,94.56005
575943,31.356148
404344,27.590652
575340,50.087063
925009,12.2774515
207867,31.104794
111806,36.252026
70772,135.01971
477291,33.24649
860582,4.272539
1216184,21.210855
566400,15.975796
1097970,8.479418
321783,20.104513
474965,32.565453
621687,11.828278
1208387,16.20927
4746,20.318426
443174,11.285424
1304414,12.686638
1032364,9.059153
1173550,6.3505187
1362336,50.90513
231660,103.59487
647487,3.8658164
1285803,26.523846
197524,12.604936
737011,50.05331
714947,19.515997
103085,10.829129
783516,21.67633
1127329,24.453514
1039499,22.661255
357681,24.137667
1459056,21.47012
1313656,14.788474
1098354,122.27426
960250,14.380356
48094,14.378247
205775,12.306936
1345044,53.946922
135375,8.67096
353274,40.311783
1482533,18.293943
1164903,14.8274975
28890,11.060431
1212660,13.58103
616070,43.059536
37967,8.538412
998108,11.960912
393220,28.473478
1072843,14.555423
1221563,11.772235
515657,15.111985
1285463,15.828998
1115622,12.830109
1290806,73.590355
1175955,102.65124
272967,10.330561
1423187,7.346475
856777,44.377064
243142,8.149797
859833,16.51258
974718,7.4472547
1474914,20.345451
496507,20.231142
140109,16.33537
632509,41.64976
1102067,29.700508
1461950,21.675087
815837,13.544771
1078775,8.015192
759830,12.090447
1108255,24.662832
750759,16.188675
705956,25.223156
490581,32.70551
1416747,9.5805645
1236245,24.108717
790822,3.984493
173491,8.275955
818889,9.585768
1427072,23.852274
1206138,36.26591
55796,63.920097
218577,34.612823
697848,29.136301
158816,44.977448
1369691,7.5940213
150698,11.729929
916526,14.229127
609888,40.911976
484688,4.339031
24658,3.8879175
1057884,17.45407
1061950,10.49061
836281,18.348972
835026,8.409199
175921,37.525394
894720,35.597218
634345,7.8368945
713994,16.500557
1390574,35.315117
70077,29.705479
1014010,17.485937
962819,23.572096
526850,42.84638
600733,14.540729
607545,13.853503
641029,65.35235
561779,16.10835
1077141,16.371737
208961,27.464117
187047,27.812143
1133079,3.5487313
1216420,19.856749
556429,9.428735
786632,15.82158
795351,14.192847
1035934,13.555986
771308,10.122895
701010,19.703287
411952,12.191371
1011573,21.328732
1241162,13.193185
1342432,19.526594
522980,22.422604
281755,13.2689705
1208651,27.759373
519417,5.639303
96316,2.8409672
588343,13.399327
1044518,12.524059
542168,15.970583
218060,3.39734
1375005,12.928793
1210311,21.790737
1397563,27.026724
1450920,22.846264
349047,14.576599
1190605,10.319855
592583,10.208108
1211337,46.36371
1179948,9.285192
182736,51.71843
813739,11.326829
927223,9.127451
928829,10.04184
187423,8.823532
983169,19.55502
1311155,14.330241
899486,11.041511
270996,27.95935
381063,13.137015
716041,19.874348
151827,6.954142
1424006,13.541602
335193,17.733143
319980,175.78265
1446764,26.319996
303051,6.48746
1265628,64.02119
767426,13.985467
283886,26.323584
1209787,16.89751
1305837,27.907951
154076,51.994274
1263835,22.379955
266707,23.732271
499189,12.05901
25783,62.052254
601094,40.431953
490830,20.228418
199829,6.8145537
305844,5.7332125
537591,14.056168
1209788,50.119728
301129,22.848526
263666,11.241202
1156194,16.225157
545517,41.59885
1198471,74.11654
765640,17.433226
977589,8.416027
185167,12.479571
354087,11.021967
224062,10.098956
1166452,10.670818
286915,13.085634
1290277,32.206047
1203681,36.802887
710053,13.58077
186282,35.670822
1121771,140.49182
1144173,27.344698
1176207,24.54715
897121,17.031528
865684,24.978899
657165,14.893533
830936,56.124264
841411,9.450142
337008,21.012175
330050,22.794514
291988,11.286239
901249,140.00244
399181,17.744156
1224933,10.0560465
955904,22.895304
1426512,15.939739
1472936,16.71765
692462,10.236464
329920,12.576874
598337,21.417242
180298,23.24884
409899,10.664529
464051,6.650365
46575,76.381386
1129636,25.839739
1236502,45.88911
575387,10.636623
206716,10.652343
767771,12.552489
227590,13.460849
949309,33.702396
647725,11.203331
677088,15.2510805
44137,14.116786
1039324,21.824366
773600,8.739837
330315,38.828632
477791,24.12379
203824,26.14055
70006,8.687276
95304,102.23286
669799,22.682594
537021,15.541536
828737,7.5401654
163096,23.176912
510850,5.933959
184917,23.65983
401319,6.81178
268928,56.30356
1194779,6.344048
85142,42.5711
726402,51.827328
253608,5.7119102
664210,11.711265
803587,8.037259
1074765,39.399734
502504,4.6842904
1112974,20.206116
306290,24.77882
947811,11.123905
1404651,74.940475
418689,18.747623
344302,30.386662
1027303,10.695347
826940,28.110765
390867,198.67412
262656,8.99266
1390725,25.805176
1092747,4.2004986
137791,10.7591715
501600,46.36659
1346788,17.693287
1472801,13.487158
906598,33.775017
1025075,74.63248
1344595,133.3753
1089062,8.493241
521566,17.369917
320816,59.9744
619529,27.263172
131932,94.43282
508921,32.3786
306367,14.870511
1177194,24.389528
632294,18.257366
563563,37.42888
16287,45.748474
83841,53.341198
98074,26.056652
322072,9.1860895
649611,17.060785
217867,31.677732
785117,13.213188
1451088,6.0564656
143939,10.61851
1007822,91.53416
489145,9.959148
864513,15.396902
188248,30.539705
1187255,13.581093
1291394,6.45884
703447,20.978233
256850,11.141129
1173050,16.565725
40287,16.136772
806643,24.801104
477149,16.247986
1196133,18.814425
232730,16.575747
772432,25.519617
965513,21.343563
998205,10.903108
59394,14.5039835
587211,35.242012
760668,9.527256
128909,11.179128
1339589,8.9198265
289715,26.103441
125186,40.654324
119348,14.010673
962800,11.295947
338233,8.956655
301554,37.511
630635,10.109591
470128,31.728178
1237507,8.003593
1027777,23.799915
1278488,16.725441
204183,66.34903
73711,42.032833
245539,12.62572
960254,18.68212
504978,17.144455
617579,16.181332
742639,11.946894
1187906,46.27005
430299,11.118562
1434765,7.9283013
934910,39.323242
1029932,9.695114
488118,12.688335
197150,13.860563
1151682,16.471357
1352093,156.09369
738812,16.962006
1417726,52.571445
375741,7.2079916
500393,16.981531
890946,6.259967
363298,15.757261
1229390,40.79421
355550,51.78072
506883,11.128577
1075233,70.476425
148800,17.304491
280389,32.525806
1014026,54.750023
714210,41.97762
424054,3.593456
970277,22.777138
1046312,10.4077
1435658,18.04464
128345,12.031437
230766,11.622889
1180488,19.687538
226360,29.636572
570396,29.054482
819631,8.634361
714424,17.145866
30530,41.83357
117744,40.295918
853046,10.85381
1157716,3.5590246
479630,15.233019
1198972,8.857253
695433,8.111369
1432484,6.599958
32494,28.306114
1069418,9.098718
1165665,18.21712
324431,9.471431
1180150,19.289534
1334419,85.172966
1202223,16.344395
825197,14.314073
545736,11.496475
1320855,14.613204
90275,47.42145
848734,46.732273
1326509,8.086395
1172576,40.51844
1453652,19.973763
938064,16.817036
980115,13.007553
229991,25.538015
438393,17.52267
267126,73.22488
862880,5.2997956
620302,6.5144176
636152,10.476377
1328841,13.647462
482653,8.466844
1122850,23.544834
392250,13.690073
468058,35.74296
1161,17.94363
754478,3.978864
367009,16.518917
1221974,22.389395
761201,11.195101
777924,27.89771
25891,9.155196
366508,29.723589
387284,63.4654
1248757,51.455677
748691,11.177142
346820,18.050684
1047104,25.743734
1075393,21.173248
1457725,56.240093
146699,22.921537
807570,10.905866
919677,26.770012
321870,11.064678
1433112,20.117407
981796,16.574959
1003213,27.006664
1196310,17.51166
953481,16.322458
1029802,17.867994
724712,8.943271
1355670,20.88253
176199,16.097073
730270,20.133017
319872,10.112486
1010584,19.989946
589967,16.46446
1299298,37.83153
1093495,11.291964
755751,78.17089
527176,14.408724
632116,13.180792
357659,21.497969
979403,138.39433
468580,90.141785
945044,8.19347
285780,26.251682
760693,12.260669
907275,44.012924
810354,13.207395
757835,25.864841
944966,9.045177
370809,8.35941
872355,6.003176
464561,23.126768
1249666,6.562793
587995,13.23774
287026,23.058712
427028,8.194084
1061050,6.556912
179620,7.4117126
669812,26.120687
289328,24.421862
379731,14.069506
411203,14.347487
539000,10.8985615
114365,14.22378
485418,32.230186
380612,26.130943
785028,38.204697
1173766,24.906723
793807,53.89088
652956,87.68335
775734,19.195452
189930,5.744556
1069438,17.778042
472639,24.634869
483466,15.825828
525473,48.02748
954549,57.23297
4333,19.432623
1104957,47.34317
810599,16.877382
1299029,50.41581
70808,16.396162
412264,3.085111
261513,13.511806
594501,18.292746
893018,16.655031
556614,11.922158
713475,45.220276
908365,8.936523
520665,4.576482
428807,12.48711
287125,214.73907
129992,11.646684
95966,43.591022
632066,8.657244
1245741,22.428848
1224976,5.4876003
399771,76.81375
1385384,16.60863
1267871,8.040975
971007,7.78056
926381,12.803623
1040974,105.979324
1437450,22.407202
1206839,4.269987
551952,24.040577
349182,20.410625
29098,21.570934
838559,14.489145
1152005,9.9650345
886892,13.039952
1004331,32.061066
950255,28.049911
438210,10.560923
348839,9.574865
75941,50.650627
415061,55.825176
362162,10.795117
548743,11.55364
273148,10.448602
164645,12.680482
1075148,25.723745
1221426,34.35814
827292,44.283295
87819,39.935436
1370638,20.327896
229997,11.239141
76056,12.942731
208649,40.242706
140575,22.296698
403167,8.046534
447326,31.912724
376105,28.609821
1200396,8.206897
880530,17.710089
246709,7.6441455
765391,15.620617
205048,16.2122
768208,9.894047
1063603,3.5816445
954540,8.134564
1219028,54.221798
111973,26.84783
3512,20.794006
548528,39.768192
526275,58.02941
566968,13.331298
1141035,30.690548
980143,56.50028
1127025,13.647992
1185395,3.336344
1128765,21.850925
897826,18.410185
22237,20.009151
1167940,14.424559
53479,6.2710686
1439643,16.493898
1049812,10.226497
580737,8.217103
44520,70.08169
467619,18.909512
56902,17.384792
628650,91.91946
310,31.380571
1030633,20.019522
797198,39.845577
949000,137.30046
277105,85.54651
566889,55.507954
1225828,11.973925
1294485,33.716232
1186401,24.074093
1112156,37.69371
55329,15.383507
51035,29.081408
643434,22.045082
88213,12.863633
164641,60.30541
1366942,11.556248
1419788,13.654336
135980,11.207429
346630,19.203697
357349,13.7203045
1063642,4.6245484
779393,3.4917974
566688,24.491806
593892,4.4571795
528148,37.210278
1198110,18.148525
1329797,22.499912
1476431,17.112576
1288043,12.277648
1143445,19.401031
66434,13.156848
934388,17.276443
778975,7.953387
1378946,67.21509
213643,10.6525545
1060165,5.7438016
1155536,23.311834
1014140,8.132671
129258,6.111695
445792,32.32036
1231906,21.118282
175,13.451753
971819,10.190522
1452822,11.208456
775579,13.85894
890586,136.39333
867634,17.172241
758730,13.233837
17127,31.932598
1140685,10.274881
1098367,15.786584
163197,12.302083
705416,107.38249
122931,10.214242
6859,11.829192
1169556,20.410826
1160617,3.593076
1114922,52.469044
1035890,11.983412
514479,21.074158
1202383,24.224052
718425,6.3221464
719780,13.479051
132770,57.933453
869032,28.019377
1306710,4.07827
227967,22.094788
305437,96.98221
162761,35.813293
431383,17.25144
980532,6.957693
1023364,39.807957
724406,24.221815
823475,26.528675
1024245,9.41379
414429,15.961644
1037624,18.22265
588701,106.96262
1172870,16.545933
951195,3.862117
668647,13.629617
1215580,16.095524
983510,6.3969297
1229355,12.805374
173163,17.081957
849726,8.373504
201110,15.584363
660046,23.685213
625153,18.159613
628072,11.629539
786400,41.490032
498586,6.732993
311940,18.94016
277791,47.79229
1331267,48.124138
575740,12.350307
796911,43.17471
1458671,12.931276
779084,15.401179
314660,15.9638605
287933,11.338349
1020386,9.4315815
631335,15.674346
718224,17.754597
941528,20.93935
517349,17.768429
424973,4.673885
880196,7.5615883
1416676,13.134518
1078967,31.698805
994197,6.6245117
819219,20.325289
1044979,7.7810416
1350745,19.24112
35146,15.967869
180072,12.215589
217625,78.67531
1469614,62.75222
675640,11.639238
883597,19.75624
556629,28.838945
436579,87.8028
1167670,87.35741
1284741,15.865517
234711,20.027948
426499,44.651733
556296,9.682323
202381,55.60528
42870,10.06243
31581,9.160854
1083406,68.0105
1011809,17.69659
828347,29.340963
1239673,9.15723
222665,3.7431989
668626,47.311707
398026,40.05553
1436538,30.295103
713489,52.700935
26745,10.373628
1043253,22.102713
50093,20.809206
412420,3.919677
1002448,17.548708
1240180,15.631292
231000,20.374674
1059841,10.63152
1134071,7.9087496
1009274,10.680313
1241175,30.225046
986362,19.99415
546988,16.019766
733493,27.33207
988832,10.723871
972548,29.594807
484228,14.601643
1317641,5.578274
378243,13.914821
154255,13.436772
1160717,11.793867
868959,13.105784
896887,41.28087
433976,12.937884
1359753,23.101414
1264678,34.1888
195192,15.266857
453512,88.67923
1010105,8.091767
1255724,22.065952
633281,68.71715
770132,30.803448
482439,14.31067
1380055,9.920335
546943,32.937298
182887,15.542858
359775,9.618983
497876,38.862526
248743,8.002013
221089,20.014132
3030,36.025394
227463,6.9980416
464563,37.68884
1411856,11.799332
500394,36.356422
1008092,18.650217
1386039,10.902986
1316251,5.280571
954489,18.58709
708031,17.991232
1157586,6.6196995
88703,87.91136
1168447,15.368389
1188328,10.578885
605671,50.546688
222378,24.592781
72706,38.963444
1082575,25.493309
99798,17.630924
113257,19.095175
408209,35.832565
58908,42.952602
317302,24.125174
1255600,43.272568
1138097,18.6574
955198,6.4159036
528657,19.396444
433049,3.4659247
1189123,4.074716
93223,15.163535
1130868,17.02882
614708,8.919029
538474,16.559061
660204,8.310837
80837,50.432472
869547,18.026127
395032,9.9414425
297071,35.417873
775434,36.53378
1164565,11.760251
1087713,44.265873
1469009,42.094147
1347515,10.587568
947683,57.96142
361896,23.357891
61847,20.044716
696836,14.913193
1324775,8.444814
48492,69.13554
1248302,69.76754
978468,27.174252
365769,14.187284
1239886,6.9571085
283139,109.541756
27809,22.229012
123557,6.1278467
147463,35.451256
1287889,15.735837
674729,34.873486
108056,65.07375
284114,25.62004
260701,17.483412
1275749,17.317942
209491,7.555456
975541,13.339774
1100122,10.912047
372454,20.01835
1298913,10.502468
1112509,45.066578
231931,5.6051755
1075726,20.082556
1471808,14.505418
511937,57.010838
747811,11.829605
617952,18.82561
759110,6.0327253
671364,6.8271585
593402,17.066626
277515,11.604439
540231,23.456028
88282,12.937732
792452,12.33956
644697,20.033403
1279069,6.05079
118592,7.607533
62966,12.296547
982558,18.945225
340449,15.647985
826213,19.892008
41640,109.70692
723401,10.774377
608715,7.433064
1093934,13.964099
682381,6.8766756
273840,7.9654984
576352,10.256918
460766,11.311594
1395937,6.0850925
273565,10.236252
426729,30.548391
498701,7.646677
65229,13.220767
1164007,20.34161
175733,17.891434
735165,32.858177
895375,13.07508
169220,129.20258
192410,48.407272
19672,23.488422
338985,18.026604
1056922,14.508734
726768,15.842147
904987,22.54338
1120239,12.436056
1459249,10.069482
958003,10.150988
1205236,5.049614
224442,34.23121
1412899,14.953383
44250,12.679731
37291,15.002174
779726,13.116484
1030832,18.191021
1007915,33.821293
188749,9.981873
630984,9.870856
675324,13.352001
912418,11.457319
446827,22.13787
913333,21.856041
550093,19.687538
1203872,17.338755
209568,10.079124
460709,14.60803
276882,20.055113
163307,22.933865
636034,19.874657
7778,8.530664
304153,18.192284
212500,25.821981
423800,13.419706
299553,28.457531
219980,19.104107
726868,17.338694
629963,10.613002
1460430,17.50436
60678,33.039623
128788,25.959078
656167,44.53366
1158377,37.37245
65967,6.1125283
1433128,3.4822052
963772,15.091854
711117,14.6491785
558207,63.261185
135809,15.188349
1270927,25.42916
628433,13.7475605
220492,20.533583
377870,12.097996
1179953,8.167262
323222,24.402075
19418,39.314735
609522,7.5242395
56819,26.431887
1057266,14.753175
773055,19.576157
1178499,4.2129164
1351026,40.111343
969409,33.1819
1464401,15.745874
395134,19.878454
453169,22.081247
689830,4.1894207
389130,63.17128
603670,50.223503
902114,41.759674
382782,13.03525
542600,37.07618
1176782,8.565041
123423,12.974027
1103979,8.173419
100470,11.526004
130281,9.900765
622512,14.166044
913837,10.811882
752033,57.971176
109676,17.932432
1415822,17.273933
23293,18.244864
199572,11.762829
1280988,11.619016
1274882,21.993914
939748,4.680477
1293126,42.916977
168370,103.70245
1206819,23.246262
1190495,57.955208
1218409,50.766724
432276,37.02599
465114,3.4944134
1141886,38.09123
1156884,15.413392
930138,53.702545
1415525,50.09353
953794,40.48377
473916,24.610207
47655,116.35248
1462745,17.272495
1372275,19.108799
1356316,52.218914
422654,52.24531
123131,17.311829
261602,8.967871
33318,9.790405
748212,10.573523
746353,18.091074
965248,10.135919
389170,11.358481
1325107,11.743236
1069033,24.77928
1159550,23.520527
501987,40.040604
855939,10.238291
1058684,59.960125
1472807,15.551486
737080,12.454752
980226,46.95585
240235,9.703027
951151,19.531788
1348583,17.198614
404093,5.7774386
1425197,51.740944
151165,14.356964
332361,25.391167
751025,18.08073
120361,24.61858
1057600,17.199583
694907,7.8744664
227659,24.51942
856838,22.4162
781120,8.723458
1455288,13.077802
851997,6.2183094
1351823,17.45542
914040,15.365322
459477,20.48864
513695,12.918578
323858,17.057625
1128813,25.64241
1413925,36.199863
77464,24.306324
125572,20.292109
295385,36.067013
1307148,8.470352
214389,24.917751
449350,22.62783
536017,86.5211
405579,9.067557
339921,17.936447
541781,13.607384
335421,25.494774
439058,8.182314
908129,11.645879
1072813,6.154189
2911,15.483971
62365,38.447998
843128,13.309743
305245,12.792063
699203,38.132435
65275,39.6003
896609,16.68188
150694,35.29471
1030236,13.544375
196941,18.7212
1337152,70.43908
49654,10.981012
1369322,32.32186
220596,25.952595
1275206,11.865526
1451875,30.196062
596408,55.59791
639483,13.9776945
518069,35.336136
320337,9.0904455
305903,17.55337
428770,9.145821
210666,22.922102
939212,15.731763
1142484,40.627686
910591,8.599528
1360690,11.481451
148191,16.700424
498656,45.700294
38472,11.391942
638050,35.030956
1412559,13.32547
866116,18.398378
358284,37.308
206841,17.555086
938339,30.35998
1057761,23.585001
429978,11.65977
233798,15.961478
938029,8.012459
65313,8.680788
194099,15.854584
1382101,25.320461
985131,63.51568
336093,11.521065
558723,14.387637
434660,34.107506
140939,10.189301
638189,46.20932
671157,8.69309
1382962,51.941006
1313466,16.411514
711732,76.55434
277761,14.188823
356254,84.30746
669658,24.579578
292474,40.01611
81970,35.630093
167983,15.17979
515568,25.537357
319233,23.10826
1398570,13.96087
775728,15.727954
1059035,13.165127
735365,13.853751
1072056,40.813236
63319,136.51051
939426,28.00479
1462840,32.68418
1034376,13.133234
966056,46.6597
69472,26.514109
941455,40.49109
282572,19.03376
1116580,14.123423
1351935,10.240861
59688,17.621225
1082898,16.915028
920733,26.906864
961080,31.903952
644752,21.563541
1131639,26.787344
980146,54.835075
1038167,23.152594
77961,14.175669
22186,9.460534
396349,22.5316
718026,35.046757
146312,17.891487
157905,29.498148
1446406,27.099298
689953,22.521763
1172360,8.006653
192684,24.494225
1160933,47.59792
460948,26.681103
572745,16.338581
1117080,27.271698
477818,36.205853
776091,32.070347
1187778,16.963213
568502,21.896544
1240102,15.060102
108515,14.544438
186640,95.45449
1459821,24.784166
497944,12.703198
1466284,20.161362
140874,12.760027
1055780,37.992374
229199,14.960129
1453691,6.94829
648272,7.9446006
1475366,72.62285
207156,39.15044
263222,20.196136
254893,8.759895
677889,16.817423
172463,9.146455
344973,11.740349
763820,12.330492
214515,12.545499
731881,19.103594
558612,8.574653
1353235,27.231312
571106,102.67288
1471257,7.4349623
853246,15.260765
169096,25.86119
674143,18.303434
129462,8.407009
361304,10.634407
3968,30.21764
1189966,16.84052
582731,14.809203
128060,7.374469
949730,21.127481
1149685,95.954346
989128,14.551289
908395,32.096855
1249806,16.632408
1048721,80.364815
1399060,35.119453
1478681,35.854183
734259,44.028873
982096,11.924262
94444,15.545359
623730,51.742996
1404620,41.630558
409367,8.070791
698687,23.380718
374296,14.42076
705648,8.214203
958703,2.7102642
851724,8.366297
1349031,22.20241
459118,8.846213
373363,20.244322
1479706,16.144995
790472,15.003602
1074598,10.976571
1054810,22.599247
1115828,10.901464
1094568,10.216234
155240,12.88355
529735,5.5105906
1309599,18.66205
1080677,8.265545
130621,11.873105
1150570,6.725228
1219163,14.255325
1305406,22.378786
127815,19.02515
294389,11.886718
805249,16.801342
707379,3.7894652
933867,26.114151
451571,8.347649
350727,11.366112
68383,23.432297
1012683,44.978004
914697,19.592047
1134002,17.691086
1402752,25.625792
517474,11.375627
1436836,9.924807
180360,27.753834
511857,19.726341
1356971,13.412826
415104,14.575756
538367,18.546186
1437934,14.840431
1305742,4.2667694
732905,83.53263
226526,6.5294747
1035460,4.7628865
1265655,40.710243
702215,9.984625
1475482,20.85252
492960,33.820587
251901,8.351744
861163,6.3353033
1073003,53.659702
1289344,33.065918
296343,20.885885
137752,18.58764
1346127,118.17414
1268369,14.822061
734539,66.373085
617665,41.452465
615855,65.17377
602502,17.506346
508717,16.382555
1443265,17.963835
1388616,16.345358
361251,19.273542
1479827,12.953582
220603,11.813902
1427759,51.97218
736094,21.822428
429426,12.124729
289463,31.466534
788246,32.928463
719053,28.517591
670919,11.40728
477807,33.396023
472885,22.193577
1064522,84.21834
632901,10.752074
964560,9.979192
525781,25.553427
96318,11.636071
1453701,14.816969
935450,4.2937627
1092404,18.730202
214973,28.968418
216918,12.977915
1086999,21.212572
204368,27.755898
972538,29.8608
744933,19.920135
864617,27.862848
1215109,23.537128
293835,12.371847
785253,18.137169
401834,37.737675
486737,123.80615
853064,14.037821
701930,59.825195
427971,23.546274
530416,6.9753876
1415083,35.86997
552391,19.20971
1069944,3.2297084
1079289,12.999738
276741,9.843447
961329,7.452138
1397269,32.852608
1481389,26.536598
558739,19.581923
450711,10.471384
242123,19.499031
1023480,6.4391108
75612,13.52158
935555,14.96462
68228,16.873343
418021,6.5116215
165962,10.610418
1142174,14.744385
934857,11.880574
358659,12.651562
446249,11.943504
1352097,13.352716
126366,10.495784
1281659,37.39266
1175217,48.912796
583492,9.136039
135932,5.072346
977285,14.21649
1315892,22.631966
591855,9.998931
24214,10.966667
545860,79.63118
247234,5.579259
601218,28.955017
805119,24.87125
1343062,36.561504
1266848,9.008
617427,11.573158
378670,7.789935
933832,6.3610992
964588,27.006384
1291788,11.426203
75916,62.863155
892552,20.791632
665793,26.11011
251754,20.556976
1114506,20.332865
1084717,16.060026
269019,48.169273
422169,15.2752905
938238,64.76929
158372,16.302822
335455,17.916786
669430,27.704393
258778,55.702236
979730,40.643867
1280941,16.10088
1314759,9.9921255
395755,11.487109
1412478,14.764473
154386,3.0317767
470009,114.0644
1096068,13.407885
302480,41.364456
27275,16.304237
1317525,9.077571
1162692,8.74146
1342677,29.902252
771733,22.643682
518849,35.67801
837348,16.398256
92176,16.9465
573489,9.180158
1458569,13.946456
972615,18.177748
881694,7.5366335
726674,10.1628895
751170,8.921193
1343347,6.4467835
521961,7.3790884
899536,25.449911
607967,13.782023
155509,16.035563
1422293,50.7266
400678,8.152959
36465,44.985065
737310,7.743826
650621,11.941412
1455025,13.032278
918789,19.15666
522803,28.689426
17701,14.84096
446024,13.472403
125649,16.921747
1393729,12.728801
955887,21.824615
647636,13.819818
324775,10.984129
842323,44.248047
220630,30.960985
269569,12.715836
110987,18.843616
516324,23.943691
160023,51.290417
659897,16.911612
739590,21.122349
1014588,26.567867
847398,19.394972
977265,25.703753
682141,25.006508
196204,4.0873823
1420126,21.880701
962663,24.18659
76315,78.28079
1129186,13.543041
495182,13.767683
186512,28.440462
727639,29.603603
1112651,16.646564
536477,29.059399
1040500,12.961202
355483,120.92717
975285,31.086613
816406,16.509638
222458,16.720848
1367760,19.287947
1295048,10.352269
666953,3.547868
717058,50.957848
1100386,2.9525495
243042,40.505116
736634,14.337819
129691,141.79535
4435,18.275648
1437435,51.70536
243730,12.583564
520523,38.555294
726661,17.990257
1199895,48.915127
955934,15.088463
512104,61.38323
475442,14.405547
2710,23.53365
1397628,33.596523
569028,15.248248
970035,6.083151
823317,12.829983
180884,10.352269
540276,35.811222
824048,19.391918
587892,66.29616
693996,9.952796
1095164,46.553425
1002241,14.010511
600344,32.979237
232918,21.581478
808255,41.992573
147049,18.025633
359398,42.40564
1040304,12.351071
1171531,19.974194
592216,22.261742
1250740,16.598373
1145519,4.3786445
1151950,3.8097403
902446,11.063574
1273368,24.604961
1057975,38.894665
730700,5.372963
624950,11.5597
314476,26.141613
111533,5.450707
423706,29.764534
871890,15.692954
1246223,7.3718214
177335,13.150207
739942,24.678354
459743,10.592186
1434248,13.603209
583430,21.995668
254696,3.4694462
865082,83.81542
170295,45.671154
1274655,79.88241
191110,8.247152
862836,10.046719
998491,16.83015
845213,22.464418
488098,4.638859
461884,41.243526
1280556,25.331018
833480,18.828733
1130271,27.762836
441655,14.008307
734640,7.4693527
281394,21.139957
1269414,20.269798
836302,5.979992
481699,13.781312
1453593,3.2075708
116437,64.86677
277071,20.990793
1330765,17.115547
1392222,142.92552
246218,36.481777
1426318,21.08743
801103,69.140625
218872,16.612165
1054827,68.19562
1296808,44.86331
1332566,15.848275
1285218,17.349436
20879,5.2909813
1315022,18.682753
188901,29.858644
1163760,21.131924
890656,14.090517
1278704,18.725819
774978,17.385782
1351942,50.547573
1413700,27.004509
1371518,10.200658
1221823,19.871069
645114,23.948818
1141192,41.766006
10348,77.10244
1358571,23.542213
163377,47.424984
246536,36.702698
442750,7.731235
1214736,12.669267
44607,12.696982
513877,17.69384
105303,58.633316
50635,8.55474
958022,47.661304
1174373,54.715237
807015,10.693209
507664,26.323343
248946,12.779958
1160144,52.220207
352184,15.521821
863070,7.1441708
114283,54.86682
1436534,52.85903
100571,19.800676
480082,25.744186
1481883,17.35779
596880,29.77313
1305211,9.867618
588317,11.964574
607773,50.08705
559591,8.335702
88706,51.842342
542921,52.997993
1477766,80.24808
649288,14.631265
1191875,25.65942
1065017,62.430347
1075262,38.844208
492512,33.812984
736620,20.142782
1197516,23.2421
1323060,10.355119
1238127,20.401573
1436459,19.359247
25996,14.579084
868948,32.038555
662706,36.098763
465186,3.9519475
335977,29.841543
320259,17.129372
1010059,6.842577
500989,8.0050745
169957,32.532898
1277964,77.65107
415735,17.435146
651356,18.84947
665586,17.967615
1330095,73.095695
1255245,16.78583
1119311,53.089195
823606,10.785234
1265378,9.125851
245038,11.646032
155709,7.1093607
1177503,9.212322
564202,15.227072
883825,7.232692
111224,13.364815
860078,14.910605
783446,9.616133
1175180,17.390444
633665,5.9631433
182457,16.76976
779458,12.677028
150131,10.043836
924126,5.7919188
692649,13.282789
442069,32.255653
316091,53.943176
1231917,96.62405
797657,64.85053
573704,11.554251
696436,18.547464
1309737,18.560802
1103810,13.96336
207299,23.863482
604637,10.575863
1128714,11.445368
1102365,9.332204
1251245,15.1590805
1182288,4.678125
1329655,29.163862
1095606,23.80778
967126,16.898386
123533,9.847087
365341,28.184755
1151255,138.96968
1034738,38.28076
1056471,11.946615
1293753,8.646983
426917,34.462456
454133,41.26446
672458,10.317515
1437778,25.72135
898554,15.427635
1418905,17.823015
469447,6.345764
66723,12.53038
619806,3.1170924
898901,49.905586
477150,13.814673
942226,24.258125
214764,9.451114
497327,18.366732
1208018,32.340378
799149,15.61814
326822,7.5252438
758056,15.885047
1433949,9.575778
286585,17.647568
1104388,3.5833418
960726,25.363596
1436751,14.476263
1158729,21.85942
1326877,12.602574
645898,19.173277
1194994,32.67729
471163,14.815992
616037,46.82518
1370025,35.934414
610895,11.960019
721039,10.648349
1193760,9.776481
146826,30.929955
1324200,105.78382
1333977,57.764633
43265,26.04443
73369,14.446654
54538,30.921696
1471801,3.6326602
1374724,23.151707
266392,16.622503
197185,17.831135
1382708,38.29085
1460741,50.64509
1188342,31.344177
1015665,22.137203
1050622,84.217896
1201656,62.454308
1368471,23.389603
98758,3.4111702
774712,30.902592
477285,8.718003
1456087,41.29305
605464,17.14555
479769,9.080828
868644,41.44106
113420,18.051865
717198,14.23078
816343,7.285648
833996,42.864006
123522,18.00201
851661,117.02106
436304,25.197515
861323,24.603186
145584,27.103626
819470,28.62881
606685,42.326946
654955,27.566504
1300704,69.79599
639809,17.49092
456603,14.020221
644145,13.557735
475989,45.50594
395312,15.666119
737166,12.166708
914432,28.143822
428820,6.117619
479390,15.131616
448190,17.232594
354550,41.158638
1283764,16.788465
247752,34.349155
601973,12.840456
728652,8.054416
1430617,15.904389
614466,15.026534
222428,12.078855
776601,10.66279
171659,8.777892
817148,3.3154073
703543,27.778805
639591,8.203565
168096,7.9697037
930641,18.060017
204681,19.679703
1348784,30.633162
373502,9.316258
1049147,3.8995152
1226377,21.276108
350251,12.06725
454946,9.657368
592641,171.7874
504382,10.676797
531282,26.699015
412503,41.222996
1238286,6.309342
319563,8.597116
797809,32.61121
265572,15.39876
57479,40.43783
76099,24.655352
1038534,10.534368
780016,19.782896
257369,38.710888
1322208,21.887281
1474464,13.770598
794466,35.735806
72051,17.994228
681080,32.089027
609993,14.185495
691413,34.466743
768925,23.511442
805444,9.695519
1067928,19.802687
647170,13.186213
843657,10.671576
1338421,8.09345
214842,10.220589
992613,59.456867
553756,7.0590625
43394,9.146353
1050814,11.095733
717825,26.87452
330692,6.7734866
1028152,32.603237
216160,60.830326
810401,8.335116
584540,10.452375
822702,52.413757
857141,58.993195
309813,17.545427
869372,12.985868
364770,5.361318
1308925,22.989132
1357686,16.11922
53171,8.796298
437986,14.607844
801985,39.502937
687840,19.747206
173314,14.775339
804500,58.56619
1379300,15.960673
1237010,27.030706
1094520,9.388939
835036,25.631315
102316,21.011423
1175905,10.713525
333661,25.927462
200735,54.762867
929477,11.587333
135321,21.189123
985620,7.7038703
863890,16.060417
524293,17.529654
1189474,6.5633197
1149142,19.902666
1359948,78.758705
475480,15.674597
1418054,31.356503
1404376,35.07201
1044361,31.512003
269386,23.278893
497622,8.9213705
1255691,20.023613
260385,25.405062
974303,44.233097
307549,15.259847
179784,13.894593
900940,24.945227
83871,38.973747
580673,11.175891
1460060,57.01042
1121874,7.2994537
1201929,41.452496
649500,19.40449
1092801,11.570467
158327,30.894567
1046136,65.36991
1352402,16.506224
976066,14.281153
142168,17.563255
528585,27.175419
736202,20.548532
1208905,9.988274
764861,227.96997
177550,13.677077
1325313,12.865756
463595,74.990974
1422474,24.918468
564040,9.631953
587396,8.833093
1325869,25.597862
1237327,15.605459
1469159,25.6686
947218,11.45293
1353028,11.077063
237120,41.17834
244261,24.726568
1143476,30.602337
888364,13.917844
912618,34.81066
965492,8.1136265
1464275,50.13149
698915,69.46432
1051926,58.761726
265469,23.062647
1074768,20.134966
159078,22.44811
51608,4.4202404
3878,24.082117
663164,28.65771
1260795,23.735573
1408392,10.31988
619635,26.259941
636609,13.098401
141290,11.861303
869335,147.56993
928393,22.800806
1451347,5.597897
465424,4.6775455
926056,88.09428
423524,13.302672
564066,11.464057
878466,11.942141
158527,14.980184
551033,4.192055
802195,8.6690445
596660,91.59423
1088768,22.424208
1001962,17.15813
880615,34.383987
747757,25.287537
812429,17.304464
607375,13.931746
1255341,27.838354
1360857,7.46608
78762,20.891203
954920,11.106315
1132344,6.4499073
1365291,18.005613
1160958,82.396904
1252874,22.849453
732175,74.094124
413459,14.960974
113189,57.54134
353336,151.82588
1405372,9.324652
1251737,103.78906
1122273,18.69332
1188930,48.4234
820609,36.540787
910494,26.694517
1273952,78.88275
1122181,40.080116
678010,10.203991
874352,19.956993
1040755,21.493238
753247,37.363598
275594,8.650458
1004014,29.295706
983597,9.837117
102346,11.922839
878790,7.3496175
290045,10.668206
748204,12.089136
499160,12.010662
916761,14.125838
789415,20.587727
547041,6.8614264
1126536,27.735445
143438,25.98096
39179,7.9697785
331791,14.441985
359684,8.816209
226187,63.376072
219352,6.9332747
151041,15.56902
596997,18.900665
1172313,17.069805
16488,14.048164
844861,33.132935
379206,22.160229
891742,4.3703575
934838,36.436756
718988,4.5023265
730939,16.449606
35139,8.715232
709990,32.855934
151197,25.527737
333123,21.955286
1474098,10.795523
47618,13.760014
6808,63.24038
88374,16.333294
755323,37.590553
343316,24.017532
611646,30.172472
862236,24.258
948881,26.889843
1443119,18.32012
224736,10.299343
508953,19.3906
1320869,4.3685
586786,23.354296
727151,137.38675
1158968,15.65005
797600,9.863496
1199097,17.023378
1150955,27.667168
554877,19.934246
577690,15.049699
557973,16.491087
885539,12.970029
1428085,8.575408
379829,55.903267
98190,16.834486
189119,11.973838
1190007,13.879175
180132,40.797
373261,84.371185
1449403,15.952919
670733,24.38945
1198603,33.717903
855491,77.83979
1132145,3.093663
1410142,21.964811
487796,8.097821
419342,26.332993
1254982,135.33783
1207266,20.19727
74668,26.414927
432438,44.909042
1307615,9.554915
1059030,11.020222
771937,9.303359
1066351,143.75586
594671,8.791962
1440373,53.190445
220078,16.583166
1230685,37.05093
418066,21.792732
911686,15.222627
458073,68.44955
811011,19.997725
223451,40.973568
950736,99.96575
1373126,64.087906
173690,13.496293
343482,23.095852
607606,42.769745
84276,21.414457
1116837,10.767274
476114,8.946329
487544,14.340753
1260837,13.520894
335373,60.629047
14524,63.738297
1251906,248.45274
629235,19.586678
679973,31.318724
642411,12.104761
353777,13.061921
591744,20.811523
649901,46.56422
769104,22.968218
411871,12.514641
999930,49.01244
1291838,19.333755
1156697,26.35739
940124,13.737491
1166615,25.901896
803626,26.332054
232045,2.9582913
526581,20.771862
1442988,51.973316
1477465,27.27033
346096,4.1325917
1370461,29.281075
1240786,13.313585
253464,99.39609
678174,22.292526
365476,17.931232
256599,15.259854
1189531,149.98593
158897,13.914031
338615,10.43631
737486,9.409428
296132,9.905819
1306899,16.862078
1035944,24.537064
448623,116.76808
567898,16.74056
810216,28.834278
770575,31.620596
1158638,17.884584
365415,12.223723
38866,124.66787
976300,42.68737
1269838,14.120801
100185,78.627304
417750,7.9474926
740331,20.091831
319570,28.647345
1037632,21.052021
11284,20.456562
1148114,89.63342
1395859,14.245918
1305433,17.991991
811860,16.956104
1112852,11.82703
1080420,13.083868
1457360,21.718145
605281,7.7693925
78449,9.422058
1014847,40.70936
792460,14.006264
198742,11.387748
798952,44.687798
138550,26.715555
951536,18.550344
518256,32.241146
1274961,47.579914
1114198,13.259448
958879,17.295992
58860,24.430906
887787,35.908745
701954,13.7556505
896693,111.17604
132201,8.636576
699679,9.259863
610051,14.078964
1066761,29.223705
872311,16.645327
164634,39.885845
460285,10.3996105
918373,10.010402
1150404,109.82649
1084198,7.695317
1208692,18.432178
806401,9.99956
1279532,7.314076
38169,27.029089
571735,35.250206
803313,41.69189
785256,8.832024
315245,32.19317
915468,15.649939
883279,9.170122
834654,21.131535
1084263,23.530924
501893,15.251494
1308364,4.3978243
925062,15.490555
657813,27.09031
902611,9.96482
608008,14.344451
1186739,7.475449
511307,24.553967
278719,21.421934
623265,26.225782
687935,13.875181
629074,8.481259
342881,35.23585
850480,5.456995
779447,30.640524
291899,26.266844
320893,46.2959
678958,25.758747
566334,11.629057
593918,37.97407
1038904,34.31653
755360,56.717537
791060,20.444082
1115269,21.414606
642880,27.308687
357919,7.6708035
1085335,106.59578
869743,5.5715938
843066,41.270073
1417071,4.065275
264570,8.657071
94794,15.667319
1471815,38.50203
326705,9.625606
1127027,25.0999
973587,22.50175
646418,14.416603
335353,38.90236
48189,22.75154
554908,27.60894
341926,87.985794
385688,27.921959
1064066,57.543907
307171,29.313486
32363,10.196778
626635,17.73565
130403,27.824606
294184,8.051286
157235,5.5625596
255607,16.489853
862264,99.99445
316222,7.9705634
461956,13.865793
1168895,43.873966
1444384,15.622293
1343903,8.581552
47156,87.74795
1332917,14.165979
404193,21.434517
719403,17.076414
886340,10.50909
1386798,23.09946
524005,10.100398
678600,11.403131
407770,23.163265
446170,12.975113
1453293,101.186745
362089,36.933422
1090412,9.209668
807129,11.133634
474935,12.391846
929405,13.550865
212260,46.93967
229751,7.3380795
514230,6.614055
1473303,14.538606
676572,19.469992
1225958,38.11474
79997,14.923827
723481,24.291256
689790,32.679413
936862,13.340109
1418763,27.994577
131232,22.416859
1118942,10.035357
1348961,30.379066
702311,50.838913
6847,14.823812
522865,34.41982
803999,15.111705
1197562,19.205132
293076,33.673508
793417,59.876842
1427027,9.56833
243662,7.4448204
584597,14.539532
904033,12.581348
332384,78.35038
394256,10.315928
202727,9.44981
1158971,5.8452063
204443,12.432857
554183,15.6922455
1226364,4.807105
131868,52.363033
651926,14.498022
1326784,24.803213
928087,6.70171
433508,11.559514
962528,17.67626
403415,9.789373
759651,31.493412
594200,9.381382
369900,122.33765
1169816,15.185037
1228553,9.444851
198194,48.727425
554011,39.662956
53585,123.71798
149419,21.042366
1112702,34.05939
222292,12.820005
247922,42.749058
1032276,15.462193
439383,113.95954
833555,21.92198
417347,36.5937
689036,25.436193
1218116,38.881493
455099,23.505255
1292193,13.577429
1192181,12.391156
1138881,21.329983
1015148,14.174048
469301,15.155722
552625,10.129644
816199,23.693937
211693,6.3237543
299585,12.676882
427545,24.505934
156542,15.527908
900125,34.147045
1428112,17.465996
1165402,9.627314
1355043,22.068516
586684,33.061226
1381074,7.100993
915227,24.440222
722007,16.318365
1088535,20.030045
1353565,8.518992
1307306,23.819778
870912,15.652376
65198,15.841657
1371714,41.426086
361581,77.67958
792393,9.257404
1206471,11.536736
314423,123.56387
1038181,32.044487
1189613,40.77139
377906,27.425867
1108663,79.19138
1089590,41.18652
77140,12.118973
934341,78.09275
371017,11.055897
424112,17.323606
893684,18.743683
640911,14.972147
570847,32.65054
1482001,87.5872
722535,31.741135
590827,85.911964
1418723,10.965349
712988,19.807968
795880,6.428002
873990,44.660507
616235,21.196838
796987,12.618403
241757,12.576984
686797,19.031582
946789,9.813775
344153,22.222265
96884,11.174951
1014813,12.998756
39599,16.178947
122663,15.092651
419474,21.123562
984060,8.092196
888664,12.566869
1044260,14.241717
1092945,7.596013
1161104,10.832825
786870,16.616709
149906,18.804731
235914,24.584948
771758,11.286954
1170599,39.332916
564384,44.503136
1399625,21.746534
498647,20.088507
644771,13.52239
1062285,59.50324
1126967,8.539906
182421,15.363773
390724,17.965607
219452,20.310686
673435,11.976919
625540,13.567207
1301133,6.655094
1458636,11.307128
1199005,11.409504
111375,12.862014
1117108,12.858181
902643,77.38364
1042170,23.85224
1042383,51.00415
126652,28.187338
1090844,9.69998
1211021,38.03074
432311,14.333041
848176,14.204812
1243283,20.28307
125899,30.970808
1160669,21.109983
892426,14.641036
734354,106.91888
471257,25.253683
862632,39.963806
1300263,18.849867
128132,26.917332
597360,9.506432
634024,14.906498
176161,18.889229
1172574,10.690346
965611,27.61136
1074123,25.443605
1271773,13.558965
1149063,18.992168
974073,71.195755
331159,20.953955
794588,21.114002
758625,55.65505
1132739,17.09358
939108,12.17106
1433057,19.497028
276372,10.073746
1036991,28.635296
1179446,13.380303
58449,22.075958
1531,47.000652
939645,14.711289
678254,11.27242
1433223,61.913383
312115,12.547443
882877,10.49784
1015284,17.502966
248581,81.75757
1102043,159.32413
1343061,29.877182
930902,14.702874
51583,53.759098
169179,28.065271
1049459,17.382465
2729,10.264618
1450451,21.348608
1115150,13.918153
443067,43.384384
523648,13.250903
763343,11.344378
1309428,5.8074317
542178,25.269093
344442,43.33089
966922,7.9644256
650188,11.25455
395666,26.207775
644354,17.02242
1057905,21.829002
348521,34.123077
945912,28.907904
78696,16.524916
310133,81.51795
332469,30.72428
297774,8.7309885
240333,11.386974
1304433,27.779648
570074,10.378732
1251903,7.54714
55336,94.080215
1397513,29.741394
274946,21.554495
656368,16.227713
1271587,80.795876
604233,5.0182705
120744,46.10346
1080298,20.879295
706377,15.253327
124134,14.180413
623360,16.496498
919642,157.97395
1060659,21.501772
239970,12.655579
1050642,10.135258
1018776,20.185608
468770,14.838392
321087,11.170138
1141967,6.5859118
322401,11.484739
192197,17.19832
556295,13.681281
1229978,51.70434
1180560,15.751497
1279966,29.77421
1139371,18.073572
181635,9.439085
1186535,12.977832
1340889,4.3463287
1131760,3.1686726
522051,26.621046
1232619,12.565187
12938,3.0372796
1037280,11.131968
915328,13.364922
1051604,29.477345
358338,18.748896
949055,25.576963
1024060,30.401669
729716,13.83035
25952,18.8229
1037305,23.8865
1184118,25.361269
983083,28.209879
757968,23.446247
409670,17.888847
1174858,3.8178062
32034,32.05621
755780,3.9202816
787416,10.954479
77024,37.521767
199443,5.0445585
123016,8.61138
625624,9.015094
813783,9.799305
606315,60.737053
970137,22.538229
482422,35.757286
1217735,17.554794
979016,10.820517
1095579,9.606549
532002,15.096316
738042,10.636635
582877,19.92659
968196,30.5306
1124624,4.828055
1290266,15.792792
467903,15.469801
486090,25.699087
1180101,21.751783
1290584,25.280193
281665,21.656374
1110282,29.652472
1156668,30.947918
426632,52.992897
1395270,27.649702
1454113,164.26907
1073842,42.994015
1307256,22.304691
89825,31.07624
1442538,9.76269
1196114,9.649697
783792,24.23322
698998,5.699303
333338,44.397804
61027,30.50867
300663,14.1529455
37241,5.746289
206702,39.23894
1390715,10.419482
1417044,13.03711
413249,32.276768
154651,17.338161
418189,26.262833
1043980,18.028772
212710,13.789762
187346,44.03411
229377,26.828735
394095,4.818219
570508,126.54683
1409859,31.599945
415902,15.567938
1070694,30.02419
1043736,14.832109
528870,32.62544
654657,27.157349
8322,14.405315
1402049,62.782112
377558,21.442825
1145337,26.408312
157980,10.912718
1364659,17.418451
1112161,75.521416
241813,69.26884
1308195,18.934181
76382,13.183074
187767,13.279871
62252,15.812634
668489,16.118967
1342997,3.3717904
1041966,4.905298
36461,8.910685
426738,38.02501
328119,9.511516
11696,22.50109
1001300,21.741621
256087,9.954247
1070425,16.082542
954189,18.900225
821620,11.426567
455167,50.95455
1195995,29.458675
21012,75.23094
528328,39.944748
1386475,16.116262
190826,12.6376705
846424,12.936659
861872,9.3181925
772808,11.573985
769627,22.823135
997192,20.443428
381468,13.159784
1139580,15.274902
601954,14.977676
322728,21.16116
617029,28.951818
1262127,19.807701
549192,9.541273
558843,14.539335
146520,16.400837
904436,38.053955
261545,22.988811
1053464,10.250704
1354188,14.504401
1150196,8.49715
838552,12.883219
513997,29.773308
953981,10.127458
55673,11.8259535
836649,7.6477137
697460,33.45829
374053,6.607686
179149,36.47688
488639,13.890923
55369,11.780459
1194379,26.86278
953215,10.326694
991906,9.939903
263700,29.240355
609304,8.325013
1167552,8.117393
376278,14.002014
1257287,14.365486
1131155,9.988551
173431,74.49106
754795,13.926987
1329330,40.419144
752454,80.406105
235551,15.0634575
523540,16.151834
754206,11.367651
873137,9.421084
60856,16.186838
792728,22.638964
358180,26.369616
665228,11.505832
748618,6.953442
1448406,6.607378
1290917,11.934447
576017,29.264317
357140,22.946987
731584,23.57403
406014,10.704179
1202409,59.527332
316777,12.952431
209582,19.607788
1411286,18.9083
332099,34.82159
55533,20.885374
474811,28.117012
500058,32.787216
983411,48.281025
523486,29.507755
208621,11.986681
365334,57.50556
48300,39.87161
1192296,18.584251
242170,41.34604
379102,124.46753
422217,10.258372
1375046,8.827317
1065430,22.195484
905163,23.676693
921384,24.657497
1164830,21.961313
783144,73.01279
1115529,107.17684
1131028,10.319582
60880,12.226293
1203370,6.007653
998611,17.893032
467445,15.729849
1218241,16.540098
658031,10.981389
1281748,24.162899
534520,12.955741
939662,19.87729
1258875,33.899044
622575,25.913263
459875,39.822575
322289,4.3498425
1478098,9.516218
77291,13.855341
1167373,11.091287
89253,11.88461
507475,17.3257
1462971,14.196759
918,40.255905
860206,14.046798
999244,18.586567
408691,23.34307
40340,7.4755807
1239239,34.86409
968050,15.341359
1264718,18.373327
827646,19.15039
447522,4.6775236
222257,63.886486
875525,8.255909
1109690,88.05061
420033,12.164534
1347754,6.3721747
701604,7.0137143
1091486,12.851792
1054751,34.31306
793747,19.608437
629925,13.505849
684405,22.00034
1053962,14.885998
793475,18.923134
112013,46.143993
1397137,11.902849
1002681,3.6084194
377866,33.07562
1041176,30.571589
383874,51.481297
1130629,14.017442
651432,11.6655245
44843,26.574802
111447,63.408924
1005103,13.433121
674084,8.322884
1092968,149.51883
746790,28.851873
507328,9.5640745
53205,22.234932
935120,88.94702
358796,22.736782
399192,10.68067
261437,40.02417
624366,36.587833
407916,63.553806
1313152,14.639582
1106933,23.376377
302182,12.40284
1316603,4.5346165
355654,29.68321
480559,27.59646
924721,12.952793
1433374,7.2907343
1392578,36.921677
660629,13.104124
1418562,17.385498
55913,4.5761247
701298,17.164782
633108,28.799345
979801,27.198612
868710,21.040205
1445873,18.353268
1085073,14.328085
1438185,11.480641
1403489,12.004513
129227,32.342243
843860,12.812173
1398742,60.473965
484114,41.926895
575878,11.263716
1456138,28.523525
336633,20.183971
789256,15.876841
1288034,3.606467
587097,18.14717
915011,26.820045
724582,87.78202
499625,8.07271
442064,104.15135
1465126,23.110657
963955,12.6562
169798,15.001888
244556,33.54318
606607,10.914317
1465103,10.881003
909067,26.901655
1221869,111.331215
287394,16.628448
811049,12.370317
351908,32.04209
354061,44.374367
1318708,8.140086
1369072,17.272535
666483,12.182939
902677,15.331661
577281,19.387508
76930,11.038884
70059,8.378504
363631,16.287466
255071,31.401941
1421479,9.933513
659524,20.25605
175542,29.133924
267851,13.530317
442760,39.477848
832510,34.890545
874084,7.4268155
359526,5.7829146
1338110,21.53366
194027,53.21164
392101,38.18735
367773,16.573559
850874,13.547431
255266,11.266333
637984,29.500504
850773,7.4927335
1092612,36.30987
876843,7.547246
1019337,27.170912
189465,75.091705
972877,15.35058
1096404,25.562172
1120330,24.500267
869777,15.5286455
339882,33.744972
532334,46.010048
739032,8.660159
1415417,23.963837
613163,14.687667
500570,13.955995
1131803,27.904505
790517,26.578741
1328738,18.648489
545911,21.264744
1228511,12.524227
30369,23.686708
240370,26.869862
2301,8.331725
1444368,9.792196
100429,5.1935706
1146420,22.457493
415339,93.648895
461512,22.429893
1423099,10.40582
24270,3.0551534
222055,27.244379
334478,83.76436
460357,41.59359
262643,9.329583
246187,12.679692
705975,6.950979
719532,3.4724436
1032197,27.948643
1340533,15.191688
914990,10.281633
973284,9.729672
570231,4.378838
346353,14.426207
435665,8.98761
509536,20.060535
1335095,5.9445457
971956,34.333878
1330178,19.509108
444562,10.9941025
1017002,79.25435
271907,15.091754
964497,22.806555
607540,12.388427
1102336,17.061298
67518,19.304554
643723,24.521257
881185,16.229778
497530,3.766167
945561,23.816412
1345603,51.786057
234583,47.77496
140695,32.642365
1324591,48.81095
649790,18.492464
272546,36.313553
193877,101.33884
1270298,10.19199
321233,19.252373
1356105,52.696682
1453050,15.185747
23877,7.6685834
162502,10.83684
356031,10.909619
966790,28.356268
686553,40.36322
1251338,12.521828
565043,18.90581
1148737,10.945593
841989,35.284706
306751,19.068333
406897,38.556953
808666,29.707813
764577,17.727573
754289,38.866596
71213,28.660503
730427,27.0307
1290281,7.394407
955159,8.345048
34470,39.88817
109493,4.270014
40695,38.430515
357582,9.792556
1115268,27.583319
988158,20.637714
15408,11.239494
1249443,10.340794
590262,11.5782795
723477,7.995412
899166,31.438602
610358,18.876453
420011,18.98239
1382454,12.592771
3380,86.23341
52468,43.751865
1187669,6.460743
339958,47.090748
1247649,15.275532
488275,22.889677
938436,24.18163
961016,7.596202
397521,11.246316
18813,10.719612
612638,9.860313
1038284,17.042498
521513,22.12631
301523,7.627084
311069,29.4232
30089,14.926762
1469555,6.230664
1014660,14.037713
1182529,17.292852
470573,37.309563
639642,8.922109
59351,45.227993
738318,3.8675702
935539,14.567748
1003013,17.703308
851767,34.044334
53493,16.809774
883296,18.68273
569168,27.091333
1335804,21.353289
26091,55.29095
163268,48.129116
38259,5.0092425
1408735,8.48686
854312,32.05708
1230087,11.564726
936667,38.119926
658944,4.545581
1019997,5.264802
1414239,9.562085
89674,15.336708
495580,20.344383
632734,11.966615
1278720,11.230577
1117400,14.657318
1271526,39.989277
359451,30.807892
1185492,10.335567
604139,14.634232
515862,77.779854
327762,21.541819
601557,21.366695
261987,11.794877
483589,14.402123
833422,38.061703
1274063,13.490937
1251630,21.191113
876967,12.470871
991319,24.614622
1164356,13.5448475
639403,10.948344
1451679,7.0632677
1395200,5.3935304
455707,38.90802
1220608,11.059985
265137,61.257706
20957,9.52964
768321,10.587654
1099595,25.095083
1279984,24.639765
205026,18.020563
229022,15.226011
798389,15.585071
1393091,37.55395
1194172,12.674684
1433390,18.425058
1158088,29.139614
709154,13.9844055
944151,8.978786
60452,5.6064897
84160,15.249274
716653,6.893334
76198,11.392315
337162,12.162998
994725,10.618743
865626,20.593447
797851,24.057873
297483,14.529628
828056,14.911455
329483,27.320393
414975,24.140148
487331,10.368633
1348225,8.096134
1444934,19.594837
759869,22.20471
208093,5.6284757
1297389,21.540298
306884,10.520555
611811,36.357956
445953,37.989464
30919,20.896902
984198,17.282318
3771,27.632986
1234943,10.151063
352571,11.899309
1176688,21.977068
980456,31.519026
1031090,38.240326
211904,6.5466256
430263,61.57524
1387135,11.219277
1437562,26.66339
39562,17.212097
515021,88.16525
324787,24.019316
1303993,10.304215
266928,16.735552
646118,26.624292
786376,34.681084
1198685,5.1678085
598855,9.240058
1243624,25.12963
250236,22.542326
821332,44.791164
1314533,11.02359
372455,15.817967
74518,24.505095
1430362,15.663413
1104896,23.968325
458065,22.81524
30359,15.018833
108889,11.253559
1389533,10.778024
1281850,13.818093
444944,22.542505
822405,6.4105625
307862,58.09881
270332,20.049206
954219,22.012968
646983,12.9241905
747300,28.09935
1129574,14.379457
259905,52.611027
217669,4.299952
1238167,11.40009
1402624,65.89521
285491,11.45862
169779,15.371558
997247,8.650826
216159,9.485088
67466,15.283294
1241927,12.94052
239235,34.64629
1391118,57.313442
450082,122.85297
223241,9.904145
1461743,7.457964
898476,19.39023
1306688,68.979034
1392829,5.93154
393958,19.40406
256412,5.3401556
1474734,17.000576
341553,65.003654
1423035,26.968184
1104623,16.637403
899679,5.133683
1061352,10.21332
225512,19.21012
1130137,15.821215
949952,4.519602
344922,61.98975
390298,16.836945
175168,11.990986
1037300,10.800004
273839,25.485344
1482130,21.907497
790973,50.04978
497184,13.085755
933923,12.715577
14356,10.624849
561838,16.063732
260818,27.676943
143043,11.755117
151970,13.944845
1148483,4.24196
426785,11.287993
247287,33.91744
393412,116.755165
1287411,8.45676
642872,499.2321
997853,20.672178
1068777,106.144066
203507,9.900571
174801,33.6525
1001010,61.35593
306469,25.235962
436830,17.205866
253301,7.451171
464145,62.78007
778285,10.736058
1079102,103.68428
769290,30.39886
1456628,30.690306
188043,4.649729
122717,9.07729
931186,60.495953
309629,19.602222
1455176,32.07901
1457924,61.73445
710677,22.024607
955636,27.236366
974813,15.59228
920533,14.436026
349817,8.6795435
822935,57.213398
929331,15.020498
582848,24.295382
31975,12.174741
200968,6.943476
1152625,55.189312
1267349,9.714513
1430816,39.49697
286328,23.5013
622233,6.983968
1208638,21.247509
598885,39.594162
648914,74.44269
707510,17.527952
1439791,233.05003
171122,36.91654
649130,50.559334
691075,112.42843
1420589,67.91241
1159622,15.324841
751509,26.167023
1177716,52.34763
286786,21.120941
912704,26.86102
978825,44.45483
859130,18.30656
1312687,11.561245
1398131,10.17216
920685,44.21616
1209686,20.2097
12733,58.987415
1151878,30.636812
434682,12.486091
1084416,25.777765
1315200,7.51822
825067,7.345239
109614,10.839261
734883,11.898798
275682,88.725555
1047558,14.407012
336250,11.521746
48003,12.769409
576991,9.726271
904482,18.106739
764431,26.804468
1325649,17.132671
931314,11.633339
1033558,11.569121
1373105,19.997414
615949,7.5987477
29367,3.1330304
284110,15.047311
612478,2.9451146
661839,16.079187
953528,29.446682
1472727,12.093868
340906,60.389893
683460,16.950613
713708,10.014479
553737,64.600655
270116,24.902054
243671,44.087086
1424458,30.160702
591173,18.893108
1464195,8.398562
1400708,4.877601
911027,37.056465
541014,9.060057
1477256,129.00089
634272,24.744583
430395,14.058766
403639,28.540352
866343,41.830025
840968,15.1614
1401580,22.456766
1451187,15.048256
841238,18.193707
388499,12.392644
1219188,14.680114
935740,33.36422
1341992,10.602477
1148921,16.566463
914504,19.063152
295300,10.790715
782196,33.76487
452642,10.968867
686356,37.924725
1124411,26.331253
551678,27.614601
590209,24.488913
1014514,58.43423
1159490,20.719467
1062819,38.90877
949510,11.340641
1050382,9.039077
643608,35.234135
910519,55.348072
309790,13.381651
1221387,31.556154
450034,12.677879
502472,29.449034
689621,7.2441945
1162730,10.548815
162443,8.579254
605379,14.486952
410912,15.66968
871192,15.305096
738851,40.01751
261547,9.362827
34611,83.45378
1482048,16.8429
211625,12.942458
502805,9.117778
133613,21.266476
1405722,57.473156
1425212,18.651987
1401319,7.8250365
1283212,15.183011
1026418,48.070316
1011378,16.66661
837440,37.394417
143819,39.604652
1359225,20.367123
541099,28.97928
1145630,54.879875
1149598,26.52533
757964,19.059828
990495,19.098467
695580,11.055124
592115,8.174801
799774,18.034975
697892,11.723271
458231,6.366491
792274,34.92294
1333837,69.37875
1356528,35.211212
1352753,4.6965103
849597,12.456067
994371,74.0269
64056,11.046318
1171865,63.806213
492634,16.275646
1082969,14.655549
738831,33.56857
184101,15.987181
264762,23.934296
1397450,12.759623
148682,93.18895
599386,18.79487
990009,7.0837097
398556,81.9576
816896,18.160389
508849,9.981786
751402,10.785148
850523,16.110424
98432,12.971042
453898,15.832958
1476291,12.444488
1263264,3.659771
1132133,62.421516
954366,20.759232
946036,16.542076
1364068,30.3458
565840,15.691541
60184,10.744419
1058747,8.54012
884822,52.11501
209294,17.58117
773629,43.60778
663970,3.2441225
771583,11.788164
750154,15.450109
221828,250.75795
516626,11.38274
720636,12.787536
1245563,11.401998
1197266,13.809811
642692,35.166676
1213797,8.860248
724256,6.559067
1019685,7.544457
885410,12.913365
814011,140.73958
1249222,6.4527035
1309301,43.531166
801807,39.63135
371118,11.478894
142710,15.072349
114212,13.795221
189062,8.673688
1299155,15.454902
1408938,16.994577
106160,22.338888
417798,26.014116
843196,170.7722
933949,17.231686
841978,11.390755
621805,11.926314
20533,22.08685
415014,10.110997
331690,23.536364
1188937,15.952648
1472304,11.826987
19034,12.275017
572614,23.617659
738558,13.447843
1237239,10.026931
263140,9.802923
517229,21.478983
454355,20.085983
1254206,49.199696
107502,14.604872
663400,18.588614
110427,20.699741
1430765,56.09216
863736,8.470316
1009671,20.099934
963113,10.314426
834214,15.780914
191276,20.882332
603785,44.50743
627492,10.696979
314620,19.784065
328267,45.9104
621855,10.63911
925106,17.779408
340060,9.12292
734902,11.145853
1278307,10.57152
665139,20.785706
800097,24.234314
1050270,18.293474
338370,10.888951
561283,21.923697
370670,12.078386
264463,13.652907
84305,11.711828
8881,7.4704638
1155733,32.37285
1327231,22.101397
486278,37.37312
468653,11.27175
1180506,12.163485
743244,16.33205
458590,13.767088
1240476,49.10565
680524,13.114471
538025,25.454327
1323597,6.2175694
1093709,11.691563
784375,16.65584
1415379,20.597416
756401,6.765736
669860,51.098377
975425,11.714077
1070205,14.906763
346801,29.306744
1384865,7.963506
1064592,3.348848
273105,4.0549
873592,17.629978
867578,8.634648
985933,15.856766
1280593,9.128379
1401790,22.912659
1185026,14.457331
771671,24.558437
630575,10.869594
299656,12.933901
860627,13.758015
634917,77.63543
192173,6.816609
843677,7.5229387
105204,11.059548
1448205,27.704407
226793,62.1551
1378438,11.142242
1240117,12.573527
1130305,11.876153
761892,10.710828
564746,17.702765
1185606,16.317411
560958,17.55732
1120336,9.019569
1052512,11.434788
596426,12.725171
550074,32.69574
855955,12.7028265
1335863,37.050976
968582,3.9822552
648993,14.031312
833013,8.590019
60805,10.307401
802666,12.62635
1122455,8.203844
278752,93.20494
1242096,39.93436
950366,22.846603
523837,23.998566
340502,29.529766
680101,18.786213
339084,12.72488
298724,51.932625
698718,21.200146
882853,15.503038
1222346,8.843129
1254092,11.865026
830910,8.102345
1450544,11.859856
557529,51.798454
872108,37.606503
1150327,14.142407
535385,35.23128
1343168,30.878786
268838,17.27523
980005,21.94
439693,33.43531
1323237,11.41445
1393106,7.7265234
1159447,14.543897
303045,18.843527
1113106,32.6901
1394282,24.039038
426086,19.717213
849486,18.766315
117836,12.943159
1481025,28.704967
174414,69.737305
896947,42.12498
1323296,10.630145
430695,15.449085
285135,18.478052
1199275,14.422139
372054,13.303184
1035203,67.142075
1007165,16.344604
912868,22.444628
782182,26.571358
370564,9.3255825
831950,5.622161
1115562,29.293192
673511,36.485264
674335,29.189129
1064654,10.391997
617758,17.000027
263428,29.074732
106486,16.00821
933212,77.59513
1043434,31.22593
183585,29.424963
206761,136.54251
877523,10.956937
601232,19.361835
277563,33.37884
489960,48.361446
1082523,12.177404
958182,98.21858
698910,30.232052
1018889,56.774452
904521,14.57465
1355599,76.16583
1404412,14.981098
119267,10.133713
1444249,30.720362
326960,14.271821
674824,75.41622
894925,24.08885
1210318,2.973343
843596,97.71882
1440501,13.208835
114726,32.474075
522169,7.9578533
600815,28.33588
1271353,17.686144
1371482,11.032075
1144040,32.97698
64644,21.159855
810432,15.362891
694172,24.241077
676590,67.56065
831056,7.332142
297440,8.613147
648485,9.994557
1060684,45.51512
646994,17.59146
1459479,20.025467
367480,5.8445373
181648,10.519769
998836,12.973614
236892,26.511269
1052242,3.3126378
99003,16.54872
581831,27.544127
895408,25.276546
615892,32.863216
1090506,17.565525
189008,23.95379
399180,34.748447
927441,42.566986
536830,24.223103
560462,70.6834
282856,14.165834
785679,16.2027
949814,12.41345
1010945,15.753586
111950,7.4777775
464627,4.808595
271408,25.633005
1200114,21.004372
816886,13.348143
406905,5.671701
203435,59.40298
39086,17.154179
1069778,11.063355
1122395,17.443424
209898,55.168125
509988,52.237152
352270,33.514664
373158,16.695131
184480,13.818468
1446974,15.262661
33640,17.280704
687474,10.736423
801919,29.35654
594306,10.127562
1052281,20.105972
797961,16.239775
189510,93.715
641223,30.738245
571774,20.89515
1323083,41.065704
180770,26.450191
738752,19.199892
109979,14.380958
403629,3.697472
462166,24.406218
1139041,11.175421
1203013,14.980096
566522,8.329123
1359482,9.115892
825297,43.26766
765886,39.29572
890152,79.05545
1396841,70.68456
1339604,13.026425
540403,12.15762
1423904,14.369106
394484,17.527187
684873,23.197544
951695,98.18386
1335446,42.950443
791320,15.163754
992903,37.61232
22000,11.99058
245067,10.985281
1098183,22.141792
1107555,32.654976
636824,13.904338
1444458,4.0476437
1227242,38.78741
656872,2.9942572
1466953,21.38937
1290736,34.20032
126988,52.39676
1048335,31.45563
304939,7.810411
503326,17.663694
1066276,27.852467
27389,57.932217
470525,3.9341178
529279,12.454964
629016,15.458508
554352,12.48418
1220452,10.110976
1048055,5.13249
661964,15.694148
3388,23.763773
567914,106.296776
1069134,20.698225
192606,16.719635
261768,91.9277
1051984,9.992476
363692,14.034366
789911,48.52777
425734,13.467977
1420503,10.693777
795218,13.84346
877863,14.671872
723116,20.833782
157978,9.821532
591919,4.8024797
592256,21.993612
914066,12.746454
935117,23.69727
575035,16.523186
408567,36.01585
759936,32.713997
1034760,19.466927
603798,26.129702
142787,4.022481
980948,24.411774
1383753,11.493494
898469,13.179095
1123239,52.261005
1363201,8.253636
28299,55.694614
45403,8.267354
1287281,8.512084
1208549,15.491923
491528,12.675717
1172749,11.794557
367760,36.035908
895527,32.426105
782582,10.267218
335394,10.327544
1412639,44.681293
989467,36.29582
1238953,2.5694685
1322090,28.632074
322157,12.626955
896261,30.929636
1347203,12.695804
362798,36.863674
148374,38.601723
1296996,13.644856
803456,20.541983
19539,39.79988
620968,6.629796
673634,24.701666
97426,9.718583
788251,24.087942
488418,14.626912
882553,21.00879
911203,4.131126
614072,18.481884
649258,24.8727
74537,109.53944
1279161,9.692223
1408119,41.744965
561693,19.843887
1317232,6.4665475
650318,13.511972
1189434,24.19325
1348677,8.795091
57560,108.79705
67076,10.400896
663843,28.485237
1182057,71.3427
734046,36.47494
265233,65.530594
587256,15.888291
709895,39.126297
751339,109.53743
252283,31.503338
25208,10.27472
1435200,18.458197
1462682,10.756385
428038,12.3536625
94909,18.280478
1325444,22.762222
7428,15.0598
592746,46.950256
658215,14.052855
613620,18.607775
613047,5.3625093
1377662,18.66236
1313443,13.077805
126253,14.239777
1111073,6.244927
451502,6.30387
561415,28.515114
720324,34.797283
466553,11.8316
685938,11.136729
375636,9.784058
1252388,16.849699
336589,12.029579
459805,9.697817
1009775,18.814726
386909,3.6226437
358331,50.517986
1016983,7.8952045
927899,21.818645
529155,15.285526
788795,30.741285
642918,10.298368
1099481,102.47198
699202,101.16628
739890,99.605415
1334153,10.904679
57452,19.765219
1127918,11.259389
1391765,9.432276
950119,4.0613074
952881,16.64354
1371203,12.185701
547513,7.3965983
826560,10.7711935
1318872,13.803371
745097,49.081715
975964,19.477753
1208934,17.223776
554694,7.529228
1202434,21.247488
817292,11.373334
578751,15.7871685
1410242,21.386856
84247,16.260418
251736,9.778341
906579,13.234156
153107,14.544364
923114,13.9846525
1078676,4.087962
423500,3.9685507
274613,9.6891
834917,14.701254
91975,27.940142
119421,32.693417
530482,5.765712
943127,13.817355
285384,23.08532
153348,13.071587
283063,9.24683
1204317,14.364629
590655,27.766272
24747,58.06168
1215614,43.828884
933754,11.257282
527509,20.350725
300317,11.123692
847152,21.482098
1301198,12.533968
1407949,11.201435
1440772,29.971172
777639,25.720196
513559,14.71136
811224,16.410406
639585,18.982393
1301782,39.116623
572690,17.70615
171368,11.711841
234686,16.432196
1158162,34.76639
391629,25.40556
1320998,204.94135
859491,12.5726185
510237,28.465889
479216,14.858785
1267803,20.368824
1192817,20.32263
1266361,32.048695
115977,20.055796
1068490,27.190027
972962,14.566357
300979,13.433696
659413,14.456575
1313593,27.372223
1047236,7.7900004
3364,3.505451
549398,77.86957
73532,49.14094
1189444,12.8077345
368248,8.354603
961,5.009898
671760,18.188477
1135829,23.176975
1482197,19.705826
407988,16.272446
789561,121.8967
1242735,4.9955816
922660,15.580318
1280891,11.225044
31214,26.438747
314997,11.543714
305204,22.186483
757096,26.148964
370727,9.884072
76662,439.17694
74236,18.019764
765609,6.4508753
881515,4.925296
261443,12.847335
689501,20.286266
412014,10.834385
1070577,32.344463
1353171,25.292126
1031755,15.221068
980829,21.472778
1154107,31.436947
491094,10.765554
762945,12.185752
97201,10.572281
1011163,34.99833
1381111,7.7663884
1219515,29.392286
1086914,30.019842
1259353,10.495093
775764,3.1796844
887061,13.2834635
1224625,12.76889
526525,28.559227
983421,38.17784
169229,3.1945438
645993,7.120278
1135647,38.259956
1372467,8.313948
824827,13.144105
367162,56.121895
1433492,21.80463
804402,3.4932306
1206336,13.281747
81923,4.1293793
274668,11.268953
863499,5.287803
749954,12.747015
630289,13.838145
466419,9.57244
85317,16.71582
1235643,36.99709
1271255,40.901657
822608,14.3780575
923663,15.823044
614109,87.00823
1422002,46.174927
25109,61.7291
970065,37.57922
196503,9.31213
1081684,35.632984
603105,13.609494
194540,25.535746
1435027,21.407944
1160426,18.683517
691133,27.158068
840468,8.759711
137693,18.897648
585967,12.414291
111957,14.33171
907700,42.620106
1344282,28.987587
557956,22.14209
1400325,34.459515
581902,20.501156
926272,29.863861
268602,17.56175
1394726,18.244175
1207979,64.571945
990704,6.113485
450558,4.8323374
639108,4.909587
750450,28.506918
616533,9.165964
1235584,31.998383
149546,22.055616
410196,16.43471
922722,16.323132
546793,112.16399
1031381,18.763634
345910,19.160923
1254049,21.16224
530105,30.184834
321909,13.291151
369743,14.136077
85494,18.279043
32286,8.803721
1027379,24.598364
1250393,34.914375
524591,23.175003
31054,24.985888
214893,6.217982
359304,29.830551
985742,21.299387
956017,16.07819
901989,14.146115
110903,15.878594
1117654,15.146122
1277590,15.0024605
139964,17.024788
1245444,18.05127
498539,25.804771
15987,33.74258
255917,25.365242
781494,57.498615
241153,15.36721
268958,12.027809
192533,36.78693
118789,81.968445
13591,18.614672
542704,14.993646
1004424,10.216061
1295392,11.71962
763120,25.426943
984703,23.321465
1009987,16.306429
1365285,15.453855
547728,15.645271
1128974,22.421688
1140314,13.604501
916444,18.068316
321549,12.0735235
84378,19.086025
368666,4.7339115
1400372,12.073414
186754,15.595208
1231578,10.762322
1371746,18.327465
78028,24.195417
336561,19.66529
871087,35.293884
680221,50.98662
1183061,32.37381
717233,11.813935
1113395,17.460361
1468477,15.207917
853498,43.657284
321986,6.692725
1271695,38.490887
371314,19.13947
1022691,14.121122
551645,10.205978
598525,16.652248
308679,26.983772
1092350,6.0332317
954316,20.74059
616577,16.161312
802476,71.004944
124969,45.3083
1191971,12.69681
846765,75.891426
611368,15.693623
197656,58.672028
568195,24.554953
182097,63.00406
1112800,10.391253
467105,42.059147
802430,12.289781
913363,7.8764215
386072,9.268354
335173,30.138325
185569,30.547375
1087135,12.50635
1338013,13.562561
996577,18.19971
396596,41.244865
1139042,25.751469
1476896,53.154644
377468,26.553556
178518,18.041475
1182675,5.600597
1388283,10.926373
1265759,18.348455
605989,34.18708
1190925,26.720234
1377988,27.47351
1105569,18.041193
1045164,91.33802
1015706,9.57091
567017,24.27724
375289,69.53945
929667,13.336393
779175,27.896368
780412,13.850264
1356015,17.962402
752761,7.2686367
668731,20.367016
482543,10.864452
843558,3.1108327
15996,78.151306
868276,19.237265
758022,7.9292083
1037497,31.753641
646598,6.8648405
155568,8.941768
314698,16.230747
545749,24.94138
628471,21.90651
627665,13.227601
1178797,14.600099
476805,12.727715
595292,11.205674
1404189,14.48473
372938,89.39526
32117,9.435131
419599,44.448303
245333,5.3024454
1120760,6.701747
1250331,21.850157
411200,56.42958
317374,12.405818
884655,15.340961
1345683,22.806345
1058415,8.741964
1315178,18.516087
626923,15.089237
996578,15.370157
235889,71.991554
644983,15.300665
707021,20.49932
519997,20.37895
1329828,24.976713
530243,28.894516
1080355,8.919597
384636,13.374524
1373372,56.573227
184320,36.9918
905072,31.520763
1084959,10.973902
1453562,25.623438
985263,36.614815
577403,23.08278
1407523,37.932346
1298451,10.405127
718184,5.9974685
428,20.781612
1116465,8.670004
694306,15.97412
733886,8.485391
777258,7.832762
1040876,17.796165
1107787,17.939905
154001,23.596064
1438521,47.106663
30972,102.401245
1291252,12.749175
968584,10.514486
104150,19.024582
270505,8.615969
390852,10.282919
496948,8.194689
199254,14.873413
837580,17.38148
88113,22.592693
1393471,63.17027
236790,44.30148
226904,14.419095
1375967,11.6111
709649,19.220287
107621,31.345411
586190,15.089973
555220,26.868387
497682,26.969143
723566,24.055836
1415917,17.786707
948388,14.821427
20382,16.54694
157308,58.48986
368243,19.66227
298169,29.354074
737916,10.795155
309030,33.794174
943794,37.890125
1085564,26.961489
716293,12.12963
233751,8.983672
1276285,9.193368
354189,15.223671
576215,75.709015
231365,49.027714
100286,21.495726
71629,9.004195
1067237,52.81357
135055,123.56025
280360,28.242252
575774,8.118636
1423971,102.72866
1258063,16.406164
1360398,43.79461
1015453,83.4103
811521,12.663714
1191289,45.54259
1006908,11.657482
1251373,19.794727
521983,4.006367
1131913,7.31144
480680,5.5132446
838715,16.499279
1258692,17.201118
942757,52.1005
1118300,22.36817
957769,17.062983
1345314,49.744083
1278606,13.402376
628697,27.405165
985082,12.28737
298590,10.116093
286702,23.03587
1239203,11.619455
234720,9.189222
1164147,8.302601
82717,85.46603
613836,46.149143
626824,11.074178
483867,3.4919806
1236927,16.335546
1129453,9.14289
1136425,22.72662
1364008,11.711725
627318,22.234993
965579,17.916975
1051198,33.323982
284554,5.2371902
986845,15.984281
811734,9.889204
1050861,3.47031
405269,40.13566
382555,4.11623
959707,17.675762
962156,20.208244
1002456,5.1828046
1404262,15.665746
995067,7.3382626
815041,9.931714
336084,3.8920698
217879,21.800978
298338,15.818352
870608,7.91597
161728,5.910124
635721,9.699424
376936,11.941357
1221173,78.49073
1176530,14.424224
454478,24.793993
397404,37.475147
1386026,29.711899
54594,14.637091
1037825,10.792846
1091529,22.167501
459004,13.560076
32784,6.93897
1178979,15.504227
363601,35.73628
1117324,18.077866
1354086,4.072199
863702,16.954453
220302,18.124908
282476,3.4495733
1314584,17.381567
1410340,11.761061
312801,62.018528
1438099,19.901066
846965,9.96665
637100,55.86128
777388,15.950672
638377,20.753033
1074730,25.766289
901944,15.156083
1334651,12.124047
26924,7.248282
1194569,8.807226
1151928,10.960269
1032934,20.683563
982596,4.2803245
1071251,7.1028476
1086571,24.908361
189086,25.739475
351583,32.67014
981390,11.471102
551507,12.429654
1091511,8.061246
28407,20.80464
71069,64.99368
1469231,27.3707
1005057,24.513506
914328,20.073244
886353,63.00702
150849,6.4616218
661013,22.441391
181379,14.60111
974717,36.83508
340197,15.903676
1299445,53.007187
561679,5.7404966
1375027,12.288681
332603,6.9017673
540899,12.628999
1424162,15.388152
102909,9.138185
491802,2.729368
122369,13.483449
813859,17.521637
7746,17.36571
421100,14.012945
956755,15.452795
1090792,5.2811885
677784,12.176535
1406145,25.71989
26781,34.133663
27893,28.581018
581331,19.726925
457536,20.143898
1097406,5.8521767
51666,20.372217
321971,15.761757
523551,13.168173
791209,117.67443
530649,9.713974
221300,14.454515
805760,31.782993
1021000,11.526078
1332046,15.623641
236676,13.8305235
926564,54.73527
1153287,14.680917
1425326,13.133231
937941,18.561132
55418,18.000076
77786,14.837591
948990,10.235791
1413985,28.69036
145239,17.5881
30328,25.087107
951303,83.54206
411612,19.24974
1419521,40.247505
958099,20.456644
1493,11.832579
893993,12.843654
1012804,17.693047
1345136,18.829216
32873,10.249263
739524,16.937761
1238263,14.890062
502728,39.41963
660576,24.561466
589019,26.614159
953137,30.095362
1118757,15.011823
160968,9.534516
357569,19.317822
1179348,6.555908
364731,39.52992
315611,7.473744
1363489,19.645094
557311,7.6223273
1151737,29.664555
804617,10.717711
901882,42.144512
579947,36.765656
669243,23.390678
1225183,22.408173
351435,11.60412
926747,16.643278
806479,17.683449
930860,24.001772
565991,11.806071
426072,13.547906
375709,11.984774
952080,25.353352
905703,28.43872
1405121,17.627739
669564,13.13924
1403412,10.892116
1132788,13.394961
1197150,22.556244
974248,10.493967
1066208,17.884373
642676,22.930248
202760,11.48574
1058080,10.231107
425439,16.85851
621895,9.849844
796266,7.492981
743617,3.63481
117334,49.66032
1057734,24.35633
438822,27.628263
1322140,11.22502
751193,15.252161
963482,16.537146
1810,95.156685
1419653,37.310894
931294,23.355556
1024594,6.5363874
519963,61.343918
1166223,45.601562
400223,12.408395
100806,5.8334093
32590,28.07205
1349584,30.22617
31338,163.49506
1163912,124.37985
1050966,11.61049
270124,25.885994
663315,6.2601676
1124589,52.758476
430354,10.408061
1006884,13.694304
756793,26.712866
1409481,13.981794
1124623,14.989265
202179,15.72214
1276835,17.560608
691355,18.759823
925184,17.10703
312462,116.67748
975870,11.218435
1292659,13.88678
1061949,11.882559
1334188,24.305033
245455,78.17739
149786,9.818117
1459770,18.153767
479897,13.428442
1044883,12.9212265
1482004,9.068849
739347,24.755205
44663,36.903713
1278659,28.718433
1188185,24.236359
1380497,21.81561
1285208,5.296275
200298,5.7790265
286964,24.324528
880368,80.85206
535399,10.182574
1423502,23.266844
1179955,8.326238
939255,5.5921254
153250,18.137909
453807,26.97742
1129837,55.66164
734692,31.284422
762825,12.634001
1453202,12.81704
338079,17.611443
843489,27.271307
1355700,103.442116
785066,26.00765
580787,12.74615
1444248,8.559462
303910,26.91738
545514,201.91681
836667,7.281145
621971,22.000248
101821,17.324787
59536,19.038792
772966,15.527601
1321007,4.9635153
278904,18.727661
873343,22.640615
563098,16.296907
808996,15.933429
33815,12.696993
631320,19.701393
1252414,112.73937
1273201,12.756067
773066,35.519295
779127,3.6923628
801351,10.823076
898732,19.779392
891320,13.757226
962646,15.719138
80739,17.295975
963007,12.872002
914561,26.228743
901538,10.539151
974635,3.8438613
449588,27.733452
798570,14.020235
834647,6.2612996
639213,10.280652
248335,13.576827
1113021,13.555834
386126,19.718037
340452,45.79443
561216,12.460418
1153075,23.175114
801329,13.504079
1032936,10.733689
534753,6.5908184
807651,15.979536
370578,14.043171
239276,13.326812
344048,5.0608854
270565,32.69401
171452,14.619739
216916,24.585733
199463,27.371824
756955,12.865213
164509,31.455822
378336,20.590769
1180539,9.820046
482452,13.579504
937066,4.7607517
255754,8.494723
992265,16.886963
686644,9.782816
1174794,20.430815
1147920,14.472404
1053578,39.787163
211647,10.676273
922771,10.930647
243214,19.762398
1187707,25.99453
1258964,31.89184
29511,14.424422
132796,23.877327
498676,60.98616
816337,25.654144
929021,11.543761
603387,3.1990244
426934,7.819042
463976,20.846869
1380618,59.153923
1283228,14.978027
539326,34.49547
697964,5.2864103
51214,38.3188
167625,15.429049
20228,11.269123
174785,28.531044
775014,12.885635
1304478,4.5071654
930631,12.721805
600263,21.404493
1377658,20.795202
9743,11.052814
196607,13.16791
986876,11.725495
393048,20.267933
416078,15.447292
700146,22.514854
1109842,9.599465
1185009,13.683836
1106762,10.999119
307668,11.438319
767981,14.038381
1213966,27.894018
250832,18.125767
1402198,16.962887
271401,5.739792
716233,8.694366
1357751,28.02523
1245107,8.830715
221731,15.284148
1249686,15.753622
1118471,31.609375
781465,57.151226
1158542,142.39272
1415270,23.343597
359604,22.100338
172383,16.094301
645091,12.837863
1421515,44.427536
1339716,24.382666
466501,41.53614
1205831,49.681984
980272,52.577755
1080039,55.80889
927642,10.327482
1409638,11.280296
669043,17.25291
1393046,27.821802
137945,3.9587348
1342395,51.134212
21985,21.962692
1420118,12.007486
535768,11.552073
671570,32.58185
348879,20.785278
224363,17.266716
176216,30.10524
894882,7.0824995
293226,16.05209
554693,6.325597
1287366,27.987265
75425,20.459335
1440490,10.187818
615604,16.390003
630591,13.475978
1470924,14.28022
1285037,13.109774
862814,16.261084
254114,3.2203584
1193976,4.8601522
1258598,18.305502
209390,15.112892
1135254,11.7622385
316358,19.383902
468337,9.385513
762790,9.936197
618022,16.400717
95393,41.173424
1060895,8.381114
703706,8.500971
1332132,23.2438
944038,67.880936
815727,3.5493538
705088,17.978136
256304,10.495253
1017746,24.267654
977894,9.660804
345716,12.229277
483554,21.843403
467905,9.571659
35112,11.048719
259735,18.687431
1442037,11.631963
1263310,44.141354
621804,56.095097
717788,16.884485
444648,12.434038
823718,22.206055
847133,21.49439
253690,19.251204
556667,22.645819
643134,19.358025
1101745,4.398484
835850,17.19573
769176,15.225567
836982,13.750072
995308,14.15996
184463,9.455552
1175456,8.537659
1476665,31.850477
28439,15.764982
1329347,11.352966
111871,21.184753
1460464,25.090292
379812,18.154488
821289,27.434694
1095246,57.752895
796979,26.907782
1237902,14.205748
1472093,3.6077256
1462360,10.884698
1411238,18.504988
573945,18.93038
432170,13.885523
1351999,35.192974
1083545,48.35381
1330173,18.44408
1195407,17.11507
798721,30.764544
849313,38.111897
91167,29.812305
660126,34.431515
641121,6.9696927
1386079,21.290728
274902,28.359278
169802,18.853043
387608,34.1589
337174,16.316858
1162476,19.48609
191690,17.413544
314147,49.405724
1121773,19.974777
71225,6.547968
594195,10.790411
1217084,9.377318
1432475,16.588154
661503,15.518328
235903,24.87964
384111,14.406244
345050,14.632312
636730,27.79273
247962,58.782444
1003764,45.919952
464396,41.048317
1260548,19.365078
346816,9.888553
785277,13.736552
959308,43.81933
232855,7.607609
1185749,24.602087
1037337,12.921126
473568,12.694429
1232466,22.979181
331743,127.53199
752040,12.794638
1013988,5.2461658
341913,33.65795
1004335,8.045739
579444,40.022644
772312,19.749887
4211,18.109978
1285231,13.65892
1051311,16.77249
1442028,30.55887
1365458,18.160759
493639,53.209026
1399548,10.782886
1464916,40.967663
238304,18.320253
846596,13.983423
4873,58.714695
373405,2.8131034
788992,32.85284
948389,22.146042
1450586,15.38789
447873,44.786385
571059,17.24835
1385806,52.126713
824029,18.3991
1140277,9.526029
722412,16.28265
178281,20.825205
154101,13.582608
1356417,23.814672
535004,19.072908
1153719,11.148465
677800,34.889236
1157690,6.095844
142628,10.739232
979874,49.3807
244265,40.621
1052581,20.686691
1324719,29.807655
1281477,34.92895
1435055,19.499437
1391664,8.962776
66733,38.34324
1279165,7.1368713
34601,16.268658
977009,24.229633
1235155,16.062479
1357516,77.20924
813278,35.51624
219345,14.849664
1092228,4.3761806
804857,18.026373
1112327,31.222742
1294984,13.183244
1437474,33.014416
1462897,12.6327
1163195,15.509733
184387,3.6516762
227387,22.144098
530438,6.1395645
601463,33.23897
67420,17.270096
226002,31.325012
525019,8.363644
615555,4.506474
1317256,29.971231
663629,25.046146
639716,22.021496
88362,18.121754
58865,4.4186134
671444,20.085707
394357,19.431965
537625,9.193949
929515,17.583172
109642,12.737406
1311372,10.814975
897285,4.2867556
959399,5.746682
709156,83.82092
490228,13.3144245
899545,7.923958
1213205,20.340008
540029,39.640488
1318746,15.416899
624432,14.434293
36925,11.450493
1451975,13.981012
457286,7.719662
1183425,7.1891837
1214127,3.4848926
1346289,26.366144
53036,24.962088
1343383,16.10207
541831,39.905453
368470,19.81957
918854,7.156343
821960,8.197447
1186774,6.0437255
719185,29.816698
1050640,33.106228
685137,49.94796
1116711,12.114335
9766,14.192739
182782,16.108397
1320252,158.9782
827733,3.637695
866247,13.972817
678862,80.147606
436595,34.10558
794772,11.968642
245350,6.9438453
333096,10.471945
75779,15.67959
856945,31.515848
1076340,14.679762
21884,16.310728
51315,19.179121
810462,15.44167
1478582,129.13206
267506,9.939105
428105,16.382828
167074,10.633778
441326,9.539641
1397219,40.03228
940284,2.9174776
722088,8.619885
547998,25.822979
1053351,40.772175
251726,12.504469
1217206,14.677168
616846,16.909147
498829,11.343495
805875,16.52892
1373273,15.864689
646850,216.05055
958744,23.991062
368376,10.215531
193893,14.805927
1429744,11.16809
269383,21.886496
771017,27.15555
685743,14.196165
1454665,32.14214
559909,10.812329
1012175,76.14998
1211801,7.8736854
812687,10.651265
1207538,47.42221
752631,10.790428
646857,15.8178625
1352616,15.734312
1291493,33.24535
1032377,34.23389
248834,16.962254
50611,15.170388
1366675,17.412928
450877,19.577623
286948,20.152908
588946,10.493252
1074914,100.855064
1066958,17.387774
1364789,22.74282
1164102,3.9560347
420140,24.841297
682709,22.705896
198581,12.809097
238293,23.277157
642246,20.150003
995797,204.16252
230265,9.41671
357838,52.353264
887397,27.553593
1206929,60.196877
170220,16.15666
222487,24.963234
940957,15.252223
1129451,17.83945
1210351,25.451363
1392049,18.795795
821491,11.63155
546438,22.72727
1296662,10.036792
844478,24.658293
233909,7.07871
512465,5.3403726
1036147,8.531417
978460,11.427301
1373649,10.998446
1039846,14.605359
131416,9.766684
896891,9.209809
74485,7.76666
1340582,21.56593
883882,17.68344
1027524,14.13669
694208,26.271402
1466678,25.673674
1113815,18.591883
1226234,32.360718
422236,5.6452055
1022753,23.647217
719857,27.62077
1079294,10.596371
1157520,5.1513276
594178,18.939629
966741,104.83517
764136,12.5588045
790788,46.359642
320290,36.50492
820525,12.446343
331110,12.787279
264628,6.5613613
568443,31.514004
1391777,22.63125
202113,49.68122
268376,20.3039
58868,41.476845
1310688,21.258354
1162675,38.197155
1075426,27.044197
1006160,19.921732
1298383,19.28299
557010,8.430611
543896,78.38444
975546,41.242188
1446450,14.687229
456183,117.09593
425377,10.28921
785427,90.645744
886009,22.976164
299498,17.066832
289646,26.105333
886796,7.901151
479989,89.39595
1144382,28.44188
879917,13.35847
117303,8.504662
599152,7.6162405
748566,71.68626
776556,42.376434
488368,44.912895
913075,22.89612
270028,12.126209
1310844,17.637558
308020,54.328545
1054799,17.82077
218288,15.972165
843877,16.985458
79066,10.476346
848335,15.306301
807630,239.76984
1390935,20.76414
438672,5.4990973
1481918,10.756331
205087,13.934487
334392,10.658278
1281276,4.120599
601119,28.11754
768221,9.857059
1194134,36.829456
274560,37.041542
468723,6.9717336
767432,32.98645
301959,11.359786
36733,20.191029
599324,12.903152
1370701,15.402345
718361,47.385536
956794,6.915232
582742,10.329567
1254619,73.660385
1309772,18.830616
390967,19.20073
670879,22.315212
453979,4.2167497
1016995,47.37332
585113,26.295704
990033,50.562702
686438,20.11974
1422030,13.398194
935293,15.889991
506278,14.958413
77176,30.829025
108634,10.485861
971280,5.2331905
1039101,9.616826
622697,16.779507
686120,69.46553
1155296,28.582336
7007,20.301014
249031,24.201227
68073,14.16577
227457,25.750391
431747,11.519546
1061125,17.579252
789717,7.0731435
478459,38.82377
735244,6.443995
1204998,3.7833502
220541,15.8320465
1104431,8.763256
1287496,33.217957
1307457,70.63413
860730,20.594713
1361921,30.659033
124557,16.264063
942647,25.408186
1369985,14.226462
102578,56.62302
1258375,11.639437
1280684,19.663122
653724,18.40237
125130,20.667238
1148935,31.658587
97479,11.505736
329417,46.965557
1095850,47.41017
660036,22.278582
912386,11.442567
13153,72.93899
802355,43.026447
1015157,52.490654
1376389,23.117296
1117671,30.375536
224459,32.29395
1020534,42.529545
1430914,20.082943
667490,97.06747
143656,8.023478
786373,54.450886
177538,138.0348
645287,10.342873
684904,16.428265
524272,21.940027
756091,19.298107
140893,26.123447
590156,10.650048
990352,34.32968
240912,55.6651
762715,12.270805
608305,11.345441
810472,18.068407
439342,13.23975
1245088,8.4139805
807590,15.947475
174978,30.567501
1063279,42.105206
1357229,118.138794
296339,25.398352
182908,18.842712
797042,38.232746
1087752,12.544392
1246369,37.508846
277430,13.487372
83146,10.093083
1170502,15.826282
1379809,8.585036
77367,10.767703
843451,21.543507
61624,2.984064
560951,25.586407
489573,16.776968
311727,11.439043
995678,12.06123
1284164,13.35272
74876,8.488555
592738,98.56873
369167,31.349213
1450659,26.099358
203906,55.480125
856074,7.5305257
652777,38.071438
990316,26.852716
1186925,12.197483
149652,11.079329
18500,11.523274
624622,38.371277
388595,9.570888
1103854,12.569464
739666,12.65272
1124281,36.128437
780771,7.6321983
1148718,21.955605
399799,11.902323
1191892,14.244828
1191058,20.434923
460496,14.185242
916207,28.340834
701855,15.414887
935769,24.443552
815059,7.2253366
856026,105.18755
193666,10.582616
1131770,15.114636
290806,3.1317718
285961,13.601363
786622,6.1604595
1175819,30.906265
1327268,15.474753
419666,10.383266
410024,19.846024
257605,11.876288
982709,15.9394245
738244,15.653584
967341,15.916077
581872,24.52713
722647,12.28266
1055448,20.9052
181070,14.272389
474622,38.396576
872101,17.789078
1381408,15.61391
485583,16.339643
271128,30.315502
804187,23.929113
484398,14.396947
1007356,56.966763
567150,47.463802
650028,20.796751
1422608,11.778144
556717,7.7799277
926280,20.733126
978976,15.398122
345348,25.213423
1290896,50.403736
1173696,14.638623
1372653,10.872548
471937,18.16212
1098131,287.50873
995063,54.416893
555744,33.105698
366051,41.582684
424127,14.869277
1003931,20.24067
510276,16.902155
314399,21.071836
723127,7.9489756
524643,41.910187
285860,17.21551
1051814,63.686672
468823,20.627281
791434,55.897163
1271882,152.761
1305613,40.797768
628280,21.701603
160546,8.803446
80185,117.716484
107296,58.973286
172028,37.39678
892403,15.155652
1343160,19.026096
861475,16.654518
781817,18.82959
909349,15.641299
496399,10.503398
597800,13.9736595
23582,111.25149
987253,10.2129
1293619,20.70431
193080,8.964572
1204459,8.448622
418574,31.841518
251694,116.83824
1328679,5.4418097
913439,14.979852
376642,14.545549
675151,43.40929
748815,7.7391033
1366298,17.717901
1277137,36.839977
763836,9.099449
568814,21.057259
1304816,11.5373745
624047,5.282911
458504,31.12304
62033,18.49576
760749,19.450596
1144830,12.583648
1084788,13.221313
436750,9.256468
391522,13.986527
130085,12.15565
97009,34.397057
1460722,11.752523
918914,19.739727
964713,14.875173
1257392,46.047417
481651,4.372442
313359,13.94534
575004,12.640689
745374,15.150095
60465,15.209049
1481375,15.834816
1395604,13.196956
761250,12.26792
1307600,8.803731
1060577,5.607894
671142,19.12373
912866,8.210328
961885,23.819908
637490,9.27213
29923,19.58738
960122,12.510092
882816,18.708801
1052595,14.089624
412055,12.647175
1317937,40.2732
1161698,19.69517
902002,17.52449
153556,11.154352
1165160,14.948676
142804,16.002756
702524,3.687111
530487,16.894636
1383179,23.107862
773495,14.757946
551750,33.81647
927893,20.25601
771397,14.049245
489732,26.845102
738199,11.8315115
1401625,32.193787
148264,18.717825
818756,17.375109
813306,11.884592
739795,14.731038
324267,24.106987
1240259,40.35678
821645,24.976534
909368,33.60624
1342897,49.27912
379804,12.219906
1002557,7.7976885
1186824,49.78676
1115168,28.39134
25369,14.121115
1369890,12.879869
1138072,19.06166
501299,9.583651
383564,6.6587763
1302447,53.40708
93213,13.27043
1444118,25.058706
1224411,22.647358
688075,25.245403
628715,11.2262745
1240289,25.001108
76043,27.508223
492106,26.98752
374576,6.5938663
1074576,13.105493
1115990,25.723413
649734,9.160355
1112255,98.944374
428962,29.133608
335578,37.330208
36781,21.332544
945622,31.314346
1425422,11.47225
702353,16.696102
138706,15.811954
1196770,25.013342
232876,27.435236
876300,11.524424
467592,4.051763
1013847,16.335316
1119860,14.313119
690201,17.107212
1266210,12.784167
274644,19.689348
1243014,11.849234
333015,13.805384
546761,20.230463
999362,18.113522
1454227,4.555355
477639,8.8873005
428769,30.662846
731156,11.621763
247069,30.747545
990375,7.8561726
823764,10.035113
1353072,12.370426
1149051,11.38838
197504,46.23781
825215,9.994387
1370479,17.088787
281526,17.553732
53504,14.598121
1400076,5.397566
787610,88.39569
196739,23.303432
570261,20.315676
1039516,51.249603
304899,22.488083
1465849,24.230686
1168308,17.715773
920779,9.453922
828902,20.185703
418974,16.238184
323878,5.9989243
928312,6.1256547
986693,14.197734
1169260,14.301248
880695,21.800787
871403,33.61256
1357859,13.607554
112321,8.472642
737093,11.324202
579670,15.025403
1056764,20.06149
423925,6.3603973
461168,7.3613353
1389630,21.087528
1304993,8.068508
521367,23.299376
1290702,77.606674
161624,130.20412
764092,34.962566
1190060,23.65056
1460161,23.88015
84267,15.220368
1032629,36.122864
240838,13.139375
1193063,12.586961
921040,9.083527
1336281,9.086806
1040125,13.494254
1258959,13.68613
174231,149.73027
648194,25.833315
411402,28.065506
656893,7.9009323
767674,28.531889
1406119,44.484802
648783,9.510533
219126,18.499445
1149416,21.38785
1275186,16.929121
740576,19.1357
1346375,5.2402024
1165389,10.813496
908667,9.346677
987871,62.603832
803917,5.0495353
636781,25.19059
173487,13.257021
1161612,14.529028
725649,20.999897
820794,17.991978
34157,19.737705
448751,18.29873
836750,43.33903
1461532,15.729131
252632,14.926014
685437,18.432243
322174,18.618263
1037092,13.969197
469487,21.377298
969610,12.551869
1034755,47.509926
726100,19.507088
644866,119.29276
186425,16.639488
673406,17.259447
409700,61.301956
591241,26.457195
400199,14.924548
1020673,15.221749
590783,19.206572
665164,29.27416
1423525,8.679498
462898,19.048697
434400,37.282207
856868,7.061311
543469,9.138843
870333,4.9002
29056,9.964336
353353,6.853961
1162575,10.772664
488195,13.102816
203052,13.618902
1444547,98.87558
846352,12.171977
1324925,21.540207
1218342,24.514534
299135,34.588303
1142314,13.498378
410853,14.336317
14797,12.909886
57817,9.865138
731977,23.151545
590073,22.031229
88415,82.686745
1237982,13.257958
608198,10.433362
1257459,24.64748
1302176,11.347725
1188408,27.39974
610104,30.895815
606208,61.490887
499803,9.903433
749371,16.340086
696054,26.911335
1000728,7.1497846
539983,37.71247
1217531,16.754456
1338558,4.132069
516778,18.25939
418367,21.267128
234848,11.093624
953837,16.13763
1067531,7.0377784
835782,42.45537
314437,24.617731
731155,13.932881
1480580,10.484905
1317005,18.468527
129818,21.745346
553397,55.101097
377912,21.295422
15635,16.905125
130327,14.1308155
1158646,50.81072
1406366,61.998158
1340755,26.681084
989523,78.74828
1097265,8.388582
697535,5.1751094
1090279,25.067984
608980,26.541077
1124868,19.061205
344542,52.713303
220617,10.06859
941687,12.00927
995268,5.4621344
1414766,12.717598
701106,19.075645
629693,5.5181465
1087259,9.006989
977089,50.913197
1395216,18.301802
827872,9.378976
1444378,5.3641014
641222,10.67352
389727,22.200861
854525,27.334982
1236438,12.14274
251652,38.055984
358538,33.0897
35473,19.482758
740431,19.945435
681859,13.757786
1128681,17.207277
691436,10.817786
1086519,7.1090317
33702,73.66124
929559,13.137969
785247,8.825977
77235,13.147852
971766,22.152891
1155200,212.32794
1788,21.676407
648726,21.97594
242313,9.05034
679395,31.580708
1320025,8.92417
770067,9.323212
675252,9.398402
1018973,21.026752
593766,26.728874
913195,49.076702
683845,9.383013
653571,12.279933
1315172,19.63118
60634,42.069527
146192,28.014528
580831,9.684336
1404070,54.61135
1003444,13.054115
379140,4.592593
1220990,57.949528
58578,7.4265404
566389,3.7856135
1416303,19.291496
247561,10.160185
1421290,66.525085
1125750,34.25402
188811,29.059484
372899,9.042074
190693,24.82561
636856,16.958002
921691,14.727461
34227,29.815317
1245030,12.238228
575248,24.144009
138281,10.314542
1053569,6.121811
481836,77.47021
98128,10.048853
527232,15.998403
683450,7.1374903
764649,8.91967
61846,21.961208
363309,6.2487903
355376,15.632502
523084,16.833696
1194699,21.952967
755448,40.835144
1095803,30.857048
759098,21.495308
1065435,22.99083
1247321,20.457308
271727,21.729702
274179,65.29726
287340,19.184439
536699,36.714718
1089754,6.399147
639222,18.735132
1133841,12.613774
757569,44.442944
309309,103.43893
1282173,18.640587
70264,13.938095
948423,7.5059276
1372904,9.880554
795384,6.448767
625238,16.414366
964391,10.685695
1078911,24.928394
828198,27.706467
916644,59.043564
1195614,10.374677
629496,44.619526
607549,12.128904
868353,37.66718
226556,53.95806
1395779,37.202827
1237455,25.325602
95941,18.22275
379547,14.878125
416847,12.403754
1297223,20.419796
536494,12.636045
1467218,11.412478
1262457,11.384998
1019000,12.709718
356850,88.92657
1295830,12.901234
374659,20.161104
412556,13.689001
67826,24.740324
110459,68.74142
381954,22.681498
1105603,12.635948
743177,4.071337
1349432,16.127754
603475,4.014079
1390570,25.046432
591054,12.981908
815766,12.350103
741626,12.207424
267735,15.177614
756866,15.474459
79282,20.464478
695361,17.389114
117969,18.635273
1158569,21.303534
1128654,72.57937
1435270,19.922464
1077890,25.232454
1132623,11.475643
922721,15.162108
308001,89.117546
755453,31.997587
910841,9.497135
779573,19.847898
1061258,30.290419
1078047,24.459736
1009548,9.644838
795739,94.77601
1319988,33.289703
1031443,23.334944
584250,12.935213
553172,23.221197
959352,3.8865385
618361,11.994031
451247,7.294574
575304,70.056335
1153278,14.662037
59332,14.228982
567068,23.631714
320332,9.731535
960050,21.072657
1414126,3.959728
91240,36.625076
1031659,13.184758
973341,58.265194
1025801,16.838715
224076,42.790306
936290,46.996956
1014163,50.402218
132818,12.08508
1166658,23.37877
913997,7.53362
29497,16.829708
822249,3.486424
628152,31.197384
106190,12.631871
503134,10.202661
878656,112.089165
114443,25.713024
1306466,24.715935
745135,14.819809
1441952,46.192825
148933,11.021712
464321,26.701517
402219,7.9730725
212841,7.369203
343868,7.4602146
522102,23.122484
766030,27.376234
200085,17.158438
1209016,45.776783
1282196,37.815224
965162,16.888319
509238,36.9651
873815,58.85438
339818,17.157394
1282276,99.81287
268939,37.495277
269701,41.393356
256693,15.296992
41744,18.872616
611275,17.111582
359599,34.07436
378742,11.854155
933355,14.277946
1303281,40.589783
1430760,14.542926
620736,11.844315
234119,11.793297
318725,8.689847
677694,16.553484
226608,32.503803
1376964,4.4871964
69648,38.65029
537133,16.271582
803872,15.322544
1136443,9.767423
911724,25.452044
884077,4.106627
406966,23.799803
904780,17.53257
634769,19.173132
494029,397.92517
470283,20.595943
37171,14.998344
911256,15.759327
1283559,16.218496
531807,11.298046
920110,18.076155
477023,31.633984
1032965,14.496725
1352123,40.363823
1453853,59.607536
583458,16.21422
739122,10.654805
1211427,4.247621
1226341,9.693507
502553,53.55045
142661,14.214262
508016,29.781372
1161720,29.134455
1153704,20.63151
577144,11.818617
1372344,6.5791993
1204898,22.117865
661218,15.57111
930332,22.592604
88256,3.8961766
664104,12.562665
1362735,7.917388
144097,23.325994
62899,18.917036
788352,130.92921
506016,20.352608
220130,36.392403
156566,15.380038
1406453,68.27898
580643,28.272902
1234684,36.119854
300047,18.803873
1222685,10.118115
798081,18.045053
832571,28.037884
720082,21.19632
472114,114.27523
873982,10.752725
1385200,101.98486
712386,8.459714
219230,8.808645
101989,23.356857
330910,22.56412
346855,3.7318711
619287,31.332026
53127,13.400093
655291,9.259999
965233,11.254699
475889,7.6401215
1005179,19.508276
243111,12.364702
636736,17.132849
216185,16.72624
929176,11.990304
787318,12.6858225
1363298,4.162132
810342,23.166758
368712,5.6513906
817710,23.698153
572617,15.70037
353506,20.989319
1126649,40.920353
104064,72.82682
359420,16.985905
659819,9.034488
1043550,3.7522483
414081,23.127895
666627,13.798431
447371,24.367601
859598,12.74057
343333,14.411869
613682,9.6677065
181454,18.067434
23441,13.759471
1359463,15.406609
863459,6.5152936
14041,6.876717
185301,39.08467
1097529,33.418575
42145,13.063547
177885,49.59468
970922,17.957262
701357,33.127033
869190,7.430873
1842,30.769367
546777,23.887009
1026627,32.505863
332880,49.697067
716603,9.074038
473112,88.43057
855832,13.107658
493565,18.723701
209066,18.401268
1390741,26.54251
1012168,5.3554745
1338058,15.341744
742100,6.204106
713906,37.848793
130310,7.7762904
384418,17.056032
346105,6.8137507
71157,71.906334
755701,113.33196
50683,10.650398
738842,21.437881
108672,79.530205
835266,6.0962176
1197300,13.529396
549886,14.393746
354237,11.224467
919989,8.778647
1040559,18.074308
1336917,10.6004305
27351,7.621791
589538,35.824284
883563,47.25725
1204690,16.900124
1332090,16.077484
788089,5.2157288
559792,7.3995857
774346,13.566078
1364799,11.302293
362096,14.169574
359235,57.779713
341035,32.399895
1168621,9.945465
966044,10.026542
1241767,15.205908
1312186,10.208551
437595,26.856157
1368737,19.444736
1469857,16.960077
605276,4.9974494
236393,32.716152
22912,11.522098
505075,19.3803
1107547,28.979952
1302864,42.81395
636759,15.426249
706560,5.3709497
966699,7.0551724
1414092,12.620391
1191662,15.632894
672980,15.694694
31806,24.409138
129365,8.949031
1180634,14.918023
980989,17.352848
246577,20.670885
922221,30.810318
1238192,31.47358
532335,21.520218
511008,8.893059
1260971,10.005221
1232593,13.498574
1058201,5.630886
1148085,31.58411
1025651,14.214393
49936,50.21121
648692,18.393583
275744,6.8028564
1122563,21.116943
1354197,18.188953
401146,14.546639
889168,43.939545
730377,25.220436
1224083,11.971481
402332,35.238712
1329612,18.109203
27099,90.14883
759103,25.576134
445242,12.962005
1110856,12.500219
1152185,17.224653
106330,5.244706
1289199,17.441877
1118433,20.755531
1177558,18.248901
534303,18.709476
120991,106.59465
1358610,7.814254
58144,19.46478
956203,10.048771
1063644,8.537711
1271896,109.13242
851909,6.807676
552167,10.75103
415567,40.01916
120173,7.7449307
486923,17.450686
1159022,18.823463
952518,23.625584
839421,23.31064
1420074,10.790861
178983,52.92811
99160,100.637764
462522,4.7607737
1471897,26.139393
1395342,11.2544565
1128973,6.9582734
1123985,14.588436
409331,17.975603
1379897,49.102055
408891,21.964302
1398562,275.7141
803984,13.459639
67588,19.199062
1353715,161.49313
234812,16.631042
1309819,41.361477
1349699,36.359966
530935,30.057308
939919,47.650154
758229,19.123974
894385,43.48066
852167,28.07474
829357,10.069522
863431,9.374652
94664,23.208134
1133341,133.40176
1000448,14.518339
598823,173.82199
626899,14.488997
1009446,18.932161
1218066,15.832315
487819,7.492015
571722,12.247488
1301180,18.345278
1459795,20.70017
998843,8.524145
642608,12.500403
751888,16.55904
779639,10.455737
1253918,21.967176
339947,3.0886562
932261,61.12367
1006813,10.787533
1315875,13.558718
468713,14.317198
887114,27.23284
658078,5.6468163
1401706,19.277597
644556,15.07479
52256,13.971235
1405027,15.552256
371264,7.31335
825190,14.3669
561814,50.864838
253114,21.083849
434908,54.71792
227690,6.725167
224570,22.080883
1220603,14.5336275
840155,30.089796
220977,76.915634
1284182,63.301826
748637,3.943631
394901,23.028507
972794,12.326189
124746,10.630849
1026967,13.018976
168734,49.859463
713529,16.32709
1469052,33.17649
850466,78.15063
564376,14.325636
750650,29.883942
1329938,20.481417
418727,6.6879764
1329515,35.933884
874149,11.161585
235671,17.335459
380464,85.32427
611322,9.819709
791362,20.94641
532075,29.932592
1151786,45.511265
504132,17.636957
988501,63.46838
1291,19.107155
821206,17.072613
334154,20.691175
1021157,44.943336
89122,6.7950597
1039943,15.0191
1307780,8.696359
811287,48.97861
414980,51.32239
1296115,27.645597
7120,13.118786
145821,11.862211
1309978,18.253643
639241,25.785479
62181,33.970432
178073,25.18685
1205158,9.896795
1246450,8.949854
477819,11.28981
1054553,55.56616
763637,10.426716
1396980,92.31387
452319,26.200401
801762,7.2135687
1384388,10.487334
647550,15.606726
312877,13.7604
1367253,125.945656
1222689,11.710919
563256,8.406372
343242,22.076416
1370774,29.032736
252947,14.057999
966400,20.102947
113415,10.596315
1427106,15.422662
148895,170.16112
881128,16.322277
974715,32.076015
1457236,11.883652
433177,13.090478
476339,24.645573
841109,12.90666
219625,30.622047
684528,7.3418775
217205,40.707577
623435,18.69685
1456707,10.93525
138737,22.466969
1068789,26.933758
1396258,22.198675
596712,12.433536
948640,99.661125
991702,18.205055
927197,4.2925363
1067867,10.604726
886523,23.564547
722241,7.2549944
820392,19.626453
676224,20.492632
1295897,43.45819
1289918,55.603447
293618,53.336872
1414044,16.934515
839611,9.622011
465829,160.40915
300950,31.023676
834516,9.42004
755830,21.681667
1320056,54.779007
1171914,22.257494
22928,10.287671
934225,58.495846
341581,25.302244
1331046,13.763747
1003421,18.36937
264849,11.8512125
398458,20.767689
417386,23.03936
1475832,42.8534
529648,39.086422
400023,17.844313
566021,12.489184
607301,13.503609
818097,10.228756
1208929,6.085981
1017988,16.009653
498064,18.905796
1348359,10.005677
257285,11.466666
702538,31.769794
409345,6.8442636
272762,34.98375
1315371,15.291224
1193379,43.92176
1117597,12.595263
1148323,78.1187
1014773,21.629824
1286246,42.186966
432611,34.770264
217153,23.665176
836736,4.9439507
1252232,13.298196
900207,6.9297686
31839,18.991028
248422,7.917607
608881,20.902374
1121151,12.287933
945636,13.790428
1091649,22.992214
1205471,14.433741
1289584,39.969395
1135809,27.202236
440863,38.417976
612309,20.388794
760132,72.38381
21792,11.927092
1231948,16.720785
689705,17.884754
1224188,4.182946
614986,20.53809
1175130,22.441162
1223631,20.05674
859417,29.46599
1123028,10.819528
824930,7.181748
885343,37.373486
1454627,13.147016
751447,12.596015
383958,16.23992
1058871,6.76621
1092271,19.761278
1227062,17.114527
947395,15.193328
512445,24.885595
793887,9.944043
127827,19.067204
1336884,15.223539
721027,11.635306
1171362,13.009768
944842,23.382387
1196852,9.760194
1094283,58.991936
863477,21.024736
525576,23.683048
1023007,20.502272
1068376,77.864494
29152,33.410076
637673,22.892519
761191,15.917929
590833,24.865509
1394507,19.453672
1418849,11.7519455
389982,10.490863
880902,45.410194
1453610,16.507526
186106,16.037203
862967,29.936102
145983,16.171017
904849,11.757359
248111,60.83864
47579,17.224997
312698,13.360737
210268,34.923744
486898,23.484425
469693,34.465633
843922,22.64707
1152608,16.895548
554996,20.43034
81322,23.789505
391405,49.983246
95806,14.727123
675405,30.897276
1354821,38.695286
1204341,21.766506
931656,20.213432
57518,12.5257845
713611,20.662094
549780,20.540361
999774,25.69561
327055,77.07809
1463049,36.040535
485395,32.28864
879414,8.814142
415613,24.667019
207152,12.71782
1037653,28.362247
1362547,31.794876
647590,23.56615
1087734,12.298725
297295,15.885091
697682,25.689762
670166,14.074734
1460146,6.9656463
807289,5.5819583
635824,45.61095
1052473,10.408537
152883,18.715023
629315,10.476729
633517,9.830399
504310,23.561771
892269,19.730898
1413208,32.542118
133790,12.3426
1048752,8.194325
25907,25.877905
737124,15.6662855
226477,6.176972
211240,14.939366
805538,97.94404
107951,14.80144
821180,12.84574
683502,12.04611
1066947,44.63195
1405964,12.918439
623603,13.750709
1379817,7.127598
736473,125.876785
411690,81.57522
1110724,23.510193
161175,32.669807
24110,24.08125
710257,10.691717
1308585,14.254896
319010,21.124022
851652,5.3556695
438156,3.477464
1283082,3.1812782
313011,51.20206
469604,14.839518
612749,16.436989
567889,16.609743
835961,45.884506
593092,11.364142
1297208,10.494929
1231441,48.21985
681429,12.00162
1455230,29.666485
1077983,45.893227
447586,18.543056
735376,18.775875
1451950,12.532471
538030,35.112625
565366,10.664022
463504,10.788904
52374,10.669891
398591,48.9592
1446733,7.095035
68754,19.733103
1191576,9.96647
1055346,281.13025
317595,31.51687
1265118,27.015434
729663,12.968833
115837,38.124554
346725,27.79853
1448757,16.223864
342637,9.718177
505367,17.397034
215365,33.860012
361172,53.631824
1456091,6.32937
451433,5.5249195
855906,25.41316
842608,16.952967
1431803,13.330269
783929,36.590324
738661,175.88713
66692,18.387817
974723,57.80152
1095535,13.692889
421664,12.871053
1150330,7.779283
526210,30.909164
109715,39.96578
991289,13.474522
1424404,12.242161
57041,15.4745455
20976,20.317389
143202,33.25951
1418086,16.119543
292944,29.315994
1195537,5.03712
23505,41.519905
610191,12.975805
1443893,13.765965
1161890,93.58672
887718,15.189533
113096,3.8561206
866158,3.8510215
743009,35.802353
719936,16.149843
384217,15.530226
282883,12.998423
999503,30.974741
322387,17.238272
207823,5.4467144
1469252,35.65765
306130,7.0137963
624245,19.987244
1179874,15.409777
783780,7.580654
631390,5.9046664
188762,9.761047
1164013,26.828695
1020006,18.046288
837087,33.06545
497973,13.167443
907797,30.546692
1271158,19.914026
1219496,10.379437
449382,8.885519
652924,33.15539
735347,37.439415
457801,16.493006
871330,22.156452
999661,10.720243
502455,5.3604484
62740,44.155624
49558,7.3516088
977181,22.407497
1361090,13.1579075
750286,21.028963
1140673,17.634594
251434,21.981249
1252803,60.5369
1125667,10.085368
406262,56.442345
247800,20.642136
1271183,21.059542
953169,12.659213
149742,14.560935
243636,17.626856
1354957,8.136091
81779,18.167212
651160,27.479906
944653,17.683556
366277,13.941015
1324165,30.039654
356907,19.046135
664765,12.546423
1162127,58.84097
896594,32.630707
576485,18.091034
1307206,18.083971
926506,4.947069
153933,14.037599
784422,25.998205
1209133,87.56946
10935,15.86366
1150905,23.95758
1456368,3.8810992
65032,24.64907
594428,15.417799
172749,67.12375
355034,37.50007
100052,7.5199604
1293190,12.355509
1145054,17.49359
179923,5.471452
753878,15.629615
658772,28.247126
1464172,11.176831
833114,102.85576
16373,17.27506
40334,12.271896
1073841,12.91809
645671,12.838476
585550,14.762996
1479945,16.508987
1479659,4.133649
1041275,41.496506
378640,20.806242
507223,18.586403
91158,17.94495
820446,16.468113
1389396,18.617912
546444,20.406385
627599,16.17718
440511,13.132473
1016491,23.258162
1113635,10.682614
731122,31.712109
192134,50.13794
1120029,11.705659
122844,25.399183
519952,18.79832
1322065,81.6777
963935,11.09331
290947,10.225357
690959,11.240215
1075291,6.71966
82390,59.010963
421646,14.5299835
95260,24.691765
704403,24.021301
864582,22.219294
1234724,5.8809977
689844,13.260509
219739,13.052581
495673,25.236881
1211615,23.646189
351115,11.54412
343932,12.629837
1349025,60.143993
1328454,3.6032841
981674,11.58162
615186,3.3702018
1045376,12.6544
382253,81.28142
169123,14.379964
713385,21.459538
665522,6.8279963
477968,21.970348
885422,14.973571
42891,24.213242
1430489,25.50355
1025581,9.642768
1454520,11.57902
126094,15.9491205
465924,6.058606
549356,5.1187844
21432,7.7239647
367630,11.174289
1200817,3.6226904
230752,40.85421
119806,10.701132
1201957,27.285667
810702,8.982964
1104943,23.849798
197151,11.381703
1372377,37.16736
1144945,19.620016
95404,13.992049
649501,5.5019608
793257,10.967942
876653,28.860878
197157,108.084564
200005,30.657335
1218065,7.7053504
1080110,13.846178
398574,4.549366
600104,24.368061
843302,63.281532
905398,4.5991745
1370506,83.83576
43217,20.831982
894840,156.17049
503168,8.38758
963545,8.681674
431313,5.9828215
881962,4.7081437
1271095,4.09644
1147432,12.081942
363038,27.923717
934724,17.80726
448705,27.00907
351768,3.0243375
363378,31.743444
919246,15.729171
735320,25.206299
1008361,14.820021
402956,23.373558
1226904,34.592365
482447,8.988801
1475512,23.19574
971976,15.058204
1231549,13.0309105
175355,37.582523
514377,25.302927
530800,25.726873
804140,22.387455
231813,7.9058275
299775,20.116884
1099103,40.481373
1209642,17.792908
561681,9.521149
1199517,171.07265
880777,18.340187
810860,24.102188
748107,12.766534
907022,17.267548
245558,11.150858
952975,12.856816
460055,23.277922
143992,36.048767
1145359,24.298492
861755,66.8991
1399914,13.872224
1304240,3.1426418
435271,11.264031
409612,28.56884
299354,16.746223
1481907,15.880112
707722,19.026005
188298,8.955833
613518,16.867002
1360320,4.636095
89587,13.425233
1333556,43.09184
742256,74.925995
651472,16.381336
1227358,16.872847
632750,22.143337
694895,14.778254
335359,3.3379076
698849,59.92415
1275330,13.1401
1248888,21.205292
712173,14.310612
1153100,33.904545
866287,6.4237795
1176373,12.935784
1040118,22.338793
1162183,10.660742
517140,38.43675
742849,12.890065
264778,17.168541
1263448,59.875393
1089093,36.97196
481644,27.457882
212631,25.06172
1243242,6.393359
86974,10.294
1034026,13.495803
142834,21.066822
1253476,18.145622
1147868,35.650272
597129,4.2512584
280473,33.16852
1133210,6.791784
754822,16.710331
665432,15.66333
1362707,21.887424
1110655,6.3332806
954530,17.297108
295920,12.662086
303030,17.315588
1246670,3.7577825
263936,28.139729
1400785,11.274451
1303207,45.94032
928392,10.6591625
1340981,39.49388
436820,27.571518
462977,13.510083
514754,9.73209
929308,7.5365644
1300329,15.819359
1106718,30.553701
251987,18.99517
198615,7.3586802
774220,10.772535
717841,33.93905
576436,8.273945
1016419,20.471985
384540,88.52149
430401,14.010576
362277,26.069408
28511,6.14821
637582,23.09958
176701,60.165253
167996,11.032459
478797,6.9037666
850289,76.94956
695504,16.433159
292213,14.288182
1282764,10.950777
569797,20.920559
1040427,21.353245
1093367,33.700657
1158864,14.145476
1271520,7.7933435
311681,14.289327
709929,6.546712
1228007,10.622588
617914,25.460085
948528,15.672152
718417,15.705423
497436,15.040503
228721,34.885906
1350028,19.036674
1168841,10.564966
1172566,16.945892
1143922,10.088919
356208,20.051378
863298,28.828781
749401,37.52058
678451,11.887074
241277,10.806608
845087,10.423904
1434471,31.082558
1005451,15.961531
837512,16.225096
459502,12.142283
1229006,24.512388
1151101,25.340004
1031126,63.21536
1266398,15.7356615
480708,41.451775
762400,34.536945
661997,18.287504
1355456,11.329651
1068327,27.329308
1300929,21.079357
450386,20.547607
901259,15.670276
1034653,14.6205015
205821,13.640388
847255,64.29223
155104,10.996316
523327,28.917053
513154,20.493374
785495,9.675474
931752,31.195526
488153,6.5782743
463019,15.11846
849388,42.51981
509899,117.148766
579249,16.713594
1445658,8.42323
1343963,7.8885436
524365,24.479969
700968,25.490358
302137,10.543881
938861,7.6017785
1269863,11.711553
1305698,48.487343
451585,11.488365
1104070,16.788038
1187875,16.862022
925114,24.572598
359648,22.01538
537157,11.743597
528226,17.45989
1321674,22.923916
1451184,9.521846
629662,12.475214
782570,24.146076
732886,7.2041297
818547,29.937666
1469212,14.764116
947926,16.812271
327609,13.495297
354099,15.629047
1036462,29.019592
1137,9.528004
466851,24.506044
473738,28.242704
183541,15.2356
149122,15.492946
255246,12.252378
1266133,18.221216
1253107,24.788568
595851,92.36688
523710,14.548871
1162973,6.5630364
291494,19.9608
231347,5.674272
886001,4.5284023
1473710,22.471367
778834,20.273588
538841,41.383007
1244410,3.9664752
1228262,49.61039
1214278,20.900108
150071,19.558685
70011,22.528427
1059803,29.82038
762725,33.299
890312,31.125566
488064,31.707678
641721,19.64985
1412163,9.684593
1346166,18.174086
965289,56.807163
684715,15.687877
787408,18.598001
668584,13.222137
1216584,8.841243
1240043,11.395595
827908,12.775477
1065714,7.3648286
298825,47.76897
212593,20.413725
107075,11.071184
1473000,87.84936
207620,6.0188336
851256,23.815844
1145000,3.8894007
841769,12.500873
578292,39.872543
933294,13.931166
113672,12.079232
1319188,16.246727
411628,27.961048
634432,16.493248
36495,24.833454
791873,26.51485
1477763,24.093761
582050,3.4822645
536684,18.465008
1157598,25.194454
775430,17.344957
1441579,64.64052
1199585,57.46574
1107203,5.567382
1153246,48.149887
846544,29.934656
66416,14.707521
1222614,34.83377
1421968,5.264629
144369,54.601673
896774,49.01815
681647,18.83608
879175,21.872564
852199,39.171734
687149,28.385918
1313308,17.711489
348335,28.57164
415169,57.27575
585408,103.009636
587566,90.014015
281767,17.739893
727041,25.076841
1171190,24.14148
663135,15.011143
1323137,7.7822204
967608,12.106824
630211,36.13662
1142738,12.641395
663223,83.88165
642295,41.735825
324220,21.407923
158859,14.245159
1317261,13.270913
609639,10.246246
865143,14.390686
1044889,36.032154
1349734,15.893861
1194232,16.641575
144293,15.910903
876117,8.708661
184830,17.202404
1251395,6.9322476
250896,71.12329
1182835,27.859705
11500,9.385803
477355,21.402378
1148250,72.15735
73870,11.087792
260337,30.644302
654602,55.21973
968409,19.291685
72985,17.696198
1050245,26.504757
1173669,22.14996
72983,11.963486
1220239,16.061752
21750,18.975306
1001073,13.660563
942199,17.051443
999378,20.296165
520795,11.04174
90310,17.255047
1223312,11.786182
510560,33.5883
456624,28.288805
1079983,27.957956
206604,26.224548
837098,14.664169
466404,11.303108
191671,15.556431
132910,110.840836
1040385,32.16576
234488,25.995432
657758,8.603203
962837,6.848731
1069577,33.55758
567258,15.973812
159613,15.652023
1171519,25.93624
1438588,114.806335
383755,12.1317215
1102902,48.370476
653866,11.870505
175191,8.943308
1408486,7.6741595
1013414,8.04745
1225771,41.536232
267596,40.66939
167504,41.917103
426052,15.606544
77609,32.66863
43653,43.064754
1177141,14.082287
545522,17.195908
623915,77.178185
894740,10.491183
1099184,38.814693
1376620,12.139112
215932,36.172337
1352680,12.838031
1222310,56.531487
34800,43.16261
1365317,188.89058
587299,127.273605
503284,21.943293
1057050,10.6315975
1045149,5.9646993
295715,40.032436
1024205,9.730542
1065407,20.379679
235803,27.139954
1347813,14.415775
898292,28.185118
1304254,11.031622
1117178,7.9547787
262341,15.63067
1341250,42.318382
942908,33.722755
1407342,18.968006
32901,7.079022
1013130,20.247984
1197711,19.306307
1372901,16.008522
456831,10.409707
317271,12.012536
1070373,13.465359
48551,21.654612
1284357,9.356588
497403,13.86153
1064520,3.322433
693247,22.408491
445610,23.010578
155544,11.590079
309374,19.083511
185286,3.987811
947999,16.435371
968938,17.079746
367437,24.707924
50442,15.040277
1212074,12.699451
1155572,59.869385
885674,100.8387
1303636,23.599312
245187,20.543036
1375933,10.837839
983832,16.141111
1405180,38.161255
1185067,16.674877
1371430,9.851368
21544,14.2603855
487695,15.761038
625498,12.968491
1193314,6.2147155
872130,7.9037533
164324,28.988466
683263,16.983118
392491,42.022575
1134233,12.681431
792909,17.022404
1475426,24.501951
623863,10.182372
121218,13.895186
87213,22.843058
180899,16.697435
33720,12.709296
500578,31.986788
435837,19.52658
585615,17.38751
1396397,28.61722
1092004,10.759228
494403,29.92241
989033,45.93442
113223,3.506103
1338866,8.779557
443032,18.253992
590971,6.755763
571787,18.354012
248096,7.464169
592936,25.06321
960965,13.422925
182289,8.622959
1104073,16.679665
1056840,23.578371
1392612,25.131716
1471417,22.086569
164548,6.2392507
1136306,15.10508
326471,62.388046
815911,22.34274
609078,15.158522
552106,38.64554
470861,17.367609
104711,11.069872
279384,22.989931
1207827,3.5368757
825482,10.987544
333113,37.88553
195718,15.117456
1344067,6.600815
628907,6.1636424
364185,10.194587
404109,3.6483548
8533,31.05346
558638,36.90119
907733,19.785501
1478004,24.402905
366518,17.539614
725955,42.98039
350859,24.937284
828208,27.50532
280571,36.88981
831045,4.000698
211138,29.993502
1298188,15.886802
1128779,39.932762
1052831,45.69375
1011179,8.2570305
1234213,137.41763
365345,28.421377
682237,8.421446
274424,19.480062
315343,21.734894
235571,16.477915
827017,32.748795
54417,11.329534
948359,8.338023
903751,14.122153
306323,10.186918
826582,15.75804
181767,15.952418
644313,14.130054
333992,6.487153
490389,83.93915
1127122,11.544572
19799,64.21839
680592,35.369392
1155975,90.94593
200086,30.389977
708392,12.225028
1401567,8.157659
446857,20.211313
1124592,17.774
392287,11.706302
736819,13.542289
241512,40.32059
1252899,6.6416383
1257076,32.66546
651001,10.76637
1191602,31.257608
1304680,7.868582
1356852,30.533133
845356,21.63475
158854,20.089563
1130016,15.65985
447419,34.13843
927854,10.153772
976437,16.829792
209199,19.221006
517724,15.635761
405906,30.071676
527197,20.898119
1454558,72.92478
342981,4.136145
1371540,11.476324
1417078,24.624126
689815,5.567748
1470552,11.136179
1333206,151.3945
851022,52.593517
664377,17.838482
496009,149.96461
745159,31.191298
996190,8.269844
33079,24.965178
1261432,10.339082
420288,17.677517
177376,15.940669
382936,5.551068
1346732,10.702398
282315,35.702904
923441,11.38364
464203,36.294483
1316715,52.855103
46884,23.43398
614482,12.873371
426615,21.065954
702453,16.354107
117052,19.856081
1364951,31.929598
701444,14.818523
584451,13.179071
834563,12.431883
1346758,48.141148
529282,8.938892
89119,41.45622
527623,48.94903
976709,16.107624
263174,36.10511
565660,9.595282
735234,24.532772
545884,6.6024823
1095828,14.910696
36635,30.298103
999874,33.88344
1366277,24.433842
502710,10.760971
398896,10.991792
957233,26.473932
278039,5.742407
899771,8.134292
183260,42.215195
26502,56.125107
340896,15.82278
346151,20.699379
1172361,24.771704
10411,18.565159
958613,25.720089
1412787,9.366964
1012013,6.667758
1175171,17.029951
585729,10.089465
6364,18.054773
1341171,22.324097
580055,3.6221025
378909,19.112804
1116346,55.116776
241737,26.184252
743066,11.827253
78243,11.689382
803816,34.836624
210447,34.09882
1014206,10.468122
1098015,39.43158
570503,21.047543
17256,15.931551
1381224,17.656021
1022974,24.192818
1187267,8.759433
1433111,34.533573
160238,13.786303
309286,23.0956
1331831,33.52467
1217309,9.138719
447883,19.218283
1428197,9.476667
831812,24.898134
1037896,50.01204
864030,20.88469
711690,21.63502
1267798,17.083178
921622,18.571844
57183,10.885037
1085105,78.68446
231516,14.642916
707753,31.527649
1022190,3.5966742
395736,23.951899
185667,19.527653
914703,58.574936
1340245,9.0033865
1465135,7.7596965
1021209,13.53782
1198606,23.671528
799841,25.312944
858047,33.78067
54748,16.414013
170367,21.365139
1020516,8.865769
827433,19.981874
894356,14.578939
1049833,9.632019
726177,4.2722898
1259395,15.449371
74373,14.019662
164763,6.4434023
1245610,19.864014
922958,8.7640915
1468004,6.0232596
1095976,13.603334
1258427,12.579076
489325,8.393656
766949,24.587814
1056900,8.850464
1292309,10.428274
849709,8.976515
2410,18.59333
405183,27.043066
1138299,15.219444
348682,11.463614
234184,40.573235
462745,16.120008
1430311,10.471127
332798,16.402914
1478046,24.003292
561440,35.83287
824246,5.910384
197654,14.520345
857592,10.084419
591842,13.793433
194509,89.543144
1291091,7.2483406
562606,7.49551
187594,16.026089
687555,68.09097
473971,14.292291
1349470,19.30787
1179413,12.548699
788729,24.988707
613155,15.074272
662705,24.134556
324621,10.997758
1300140,18.04974
808828,13.292933
1046521,12.3190775
620460,17.417248
1450750,18.422642
931353,28.861092
998305,2.9594758
839734,12.484907
1340953,58.738674
1013025,67.92299
449711,13.075701
873261,22.30163
64241,3.3667371
196005,15.554561
813389,27.667099
336681,7.813333
969486,10.2677145
657115,26.342339
1449133,16.776573
170048,63.85373
616487,61.81
19089,29.270277
17658,25.04047
1451,10.290117
1009522,36.27886
1345170,37.88509
100270,37.063526
1249825,24.70864
1087312,70.19529
638072,15.362119
711195,22.591112
577836,27.677586
1047150,37.435593
1450584,12.590587
168592,4.0048776
852255,42.031006
1266134,13.600622
810490,72.10748
830743,19.205372
220862,18.652903
960833,14.347714
282974,24.41021
1195024,23.778025
739844,5.226359
558408,15.403299
263639,23.385246
363438,31.108383
32482,8.734955
768345,6.1766534
80017,22.787083
1074760,28.511047
1094257,29.51853
196035,50.633144
1475235,62.88222
1292899,25.9371
910874,14.612206
1468566,13.038101
205878,11.113311
1452438,8.944802
900678,22.586084
877026,55.608334
703969,16.16675
315151,11.74113
382384,6.8837943
948790,12.397676
827910,16.222567
1235117,20.075811
1237369,15.951165
600257,24.259499
622182,24.308073
178178,33.39654
436453,28.749916
1139116,18.750666
446989,10.491874
604256,9.276434
485761,26.503918
1168676,26.088272
1168602,26.112322
545118,23.43016
308604,14.432721
160026,12.222749
346781,15.414456
1473088,27.46149
1018020,11.222381
803435,43.168404
989440,18.681612
1411610,100.4259
949515,20.010162
1481217,182.15152
78263,11.7548895
319696,14.661503
1267718,16.736712
589637,16.456705
1475670,47.27211
1028465,23.48593
964101,13.303293
1339400,13.399149
626020,7.8370337
383505,12.149856
278656,15.342111
149848,27.93167
1025022,42.54117
1123314,14.566312
509574,4.143206
603195,14.181427
724202,17.134136
262212,69.08081
243992,29.27546
821422,13.804914
1235065,37.729477
1266298,15.303478
342894,12.386623
1297990,61.0522
228253,43.37718
1412072,6.9685965
1306215,28.824322
155361,8.0776415
1318904,9.787133
1456037,37.01474
55883,39.606697
546603,7.343377
1360412,11.918489
1175302,16.773108
1067618,8.2709675
1356413,43.93336
1264705,9.73077
660699,30.142334
1419965,12.837662
407951,32.565372
475050,20.490004
1023613,16.891794
243342,34.078304
1261784,23.656204
758304,24.50039
1021824,10.044799
783893,21.723886
1376083,6.64882
1285838,59.62777
698530,24.909843
528910,7.6375284
580050,8.898863
885953,20.520489
586602,24.272095
1004908,8.648108
377654,16.628365
676630,17.53192
795669,11.221203
678550,17.07701
914223,11.13232
123129,4.079527
825371,23.803663
883418,16.972136
1189227,11.709419
1221432,10.246702
1421757,86.09642
449977,35.156776
723564,17.36877
723356,18.701368
1413687,55.126358
1049375,23.057146
95604,31.116192
1027462,47.791058
21759,14.061574
1043934,22.101088
353121,11.527184
473963,31.603016
90968,22.212877
558957,19.959576
1425671,10.14276
1187016,16.750612
281243,31.838833
780630,37.10893
1333492,18.56863
758638,46.055954
639650,21.257994
1425232,17.845327
646001,9.569547
1466456,14.64082
986251,15.861211
568230,18.691944
33455,26.125568
733382,18.215933
770600,9.726032
662682,19.997284
988104,13.87255
1003063,14.754467
1181916,45.677788
597534,84.660126
597789,12.862351
271739,27.175629
422322,36.16369
1294822,18.015207
623208,13.259713
411007,19.87954
409694,16.937155
413133,22.29247
843207,16.351631
1123019,12.728821
1242986,9.668773
1228505,17.82958
1418621,50.28773
288490,11.323606
1105548,14.1396675
1266661,13.579069
118120,11.426286
1007628,16.29311
765271,21.401438
62617,10.564641
33004,56.74815
441503,26.784979
900417,16.608513
1463135,13.431648
90522,7.2659936
1292764,15.797226
324446,39.216316
636200,7.367398
1208761,17.276869
19259,4.971712
541785,8.256646
290104,29.807596
616754,10.935896
1185251,15.856971
1438623,23.31566
489935,25.627989
989217,25.76872
1343241,16.283865
804022,123.9928
1272742,12.600865
243220,32.802917
518972,11.404375
1473507,17.190866
807416,8.989921
475476,64.70703
19272,6.6717095
1240241,30.23098
735008,54.526188
174309,28.217554
632291,17.250029
484663,27.482855
740624,11.110547
602619,22.481264
212352,35.856678
704869,12.434083
13575,13.472259
963184,19.08716
806198,17.843594
791851,14.284767
1253874,3.3137615
691708,10.96277
1246021,23.67715
1247845,14.884188
1122814,6.4424934
1433102,15.30819
377137,54.00273
661474,18.2595
788887,22.129387
390766,17.424381
354372,25.193918
53033,56.417534
212901,26.216385
784060,19.456053
1229981,19.767551
1466158,17.558064
141734,3.9495034
1073330,26.834534
973258,18.916216
903907,30.433847
222322,17.159117
311112,4.356354
1113300,28.414532
407479,46.657356
1362685,13.977673
1434018,16.520985
1387503,19.678574
1187638,20.04623
589407,8.135958
1179374,12.050761
247135,85.27827
310836,14.561373
267888,37.993637
448080,10.504025
1125129,20.69255
852516,38.39544
874846,18.546955
815852,10.770845
256161,11.712726
111287,120.59878
1375093,13.541425
507704,4.4616604
1337022,159.61076
213432,13.037967
94752,21.17031
573120,44.24561
440494,6.1362977
770414,24.42944
836612,7.8673325
954204,16.449884
710843,11.611855
796415,9.147074
1348092,16.889627
964906,35.78007
1152458,27.308756
1324666,85.71873
1134287,56.624287
726280,10.752204
926503,13.431449
1311497,37.24306
140339,14.41772
1466553,21.605099
30283,23.482153
1069299,18.80412
1348314,9.881644
191617,20.29787
1019122,38.557274
1365382,10.18202
771774,12.029206
1010270,58.093452
418749,9.883154
942522,14.168221
798469,9.818842
1155945,29.603231
500492,14.736546
448494,150.08632
1109832,3.1744182
792168,5.7305355
431184,46.78333
627390,6.5689874
996122,12.280203
961104,11.493256
718253,14.230442
1172402,28.740612
1362779,4.8848796
333764,15.0266485
473830,33.376953
335538,30.279058
526290,24.455717
1243911,12.288168
580013,23.070578
1005210,84.16159
862363,54.889416
58729,14.267903
356776,12.363995
697342,22.750067
1385363,11.316298
1301369,5.796201
142288,15.910093
810919,19.512241
52615,36.864956
1286711,4.513512
1267900,9.145727
1050394,10.971116
1404908,8.245594
949063,28.433268
1339180,6.945732
70952,8.097921
27600,15.332623
513696,53.529903
689221,58.337357
996372,6.54105
208028,28.2313
393180,26.023237
1059761,7.288509
730591,14.815585
1044890,54.12406
268368,12.654674
903869,6.735774
428129,17.295193
106008,18.303835
1020843,47.53784
992563,13.177391
1420077,5.361054
1168339,9.478366
1149778,101.77373
739457,16.51223
1366954,18.135818
1127159,6.7896123
890693,10.642185
47482,14.978291
167828,14.9066
166126,14.954186
1135674,71.88343
375820,7.590408
587001,31.720844
1211710,27.284023
1223613,14.146538
505247,18.926132
683470,20.32965
1019157,23.64915
158780,17.5769
199603,7.9811416
61608,4.4538264
458724,15.654211
211738,12.878314
913933,19.708303
1166020,18.850403
1457987,16.857922
716760,44.47511
240514,29.429605
767938,10.125038
407982,16.116106
124477,18.099937
1269142,52.86707
1018764,42.795162
302715,29.353466
1251448,172.33914
1310964,5.6078467
34935,8.487958
1208524,9.953187
625208,8.05098
815543,30.719212
1288670,9.722318
429499,7.9946012
161809,6.87901
1091982,41.39022
454600,32.158825
341583,15.024991
849331,39.211155
6167,24.744024
1055430,71.0091
1030828,7.9397545
187248,58.607273
1259821,34.109413
1124260,65.33106
1397871,13.899708
919093,23.855955
198659,10.207478
701475,33.693214
887980,14.762304
947836,32.0372
1001692,15.215407
997827,27.148756
1136884,11.758103
34913,15.016198
697852,35.451202
898056,8.016022
53649,23.26342
53756,13.987675
1147850,55.08446
995838,18.001394
894896,12.758259
620847,3.2303846
1365908,41.258034
707571,14.669754
774772,78.02753
306148,16.67162
169186,22.52634
852566,7.7488513
1285286,22.14854
650062,7.7492642
464227,6.883163
549533,11.436357
981958,9.815778
58481,26.321447
507693,26.363403
355936,20.717281
1429613,16.469557
941234,5.7066298
1030724,12.927594
1044608,5.702481
899084,18.849054
847654,4.646591
842986,14.181137
900044,26.927017
184010,14.492019
1481796,19.476206
573762,154.69193
139575,12.284246
608229,11.28333
764662,13.879544
1264996,46.231613
1008120,14.902065
442861,14.987546
414186,10.029981
745310,28.45432
139207,29.722857
1026128,25.661442
37031,7.811581
1085030,10.302043
422027,10.338268
171296,22.509697
947180,11.1396055
1436911,13.628078
1045592,44.329075
731126,26.122278
871510,89.65478
760032,22.546013
429657,45.89582
1325886,18.47901
1059287,9.283681
427208,29.091063
1094580,23.931908
1032402,10.886976
131800,16.868195
1340324,20.258139
551804,21.24358
550251,3.4824677
714054,25.875772
1470342,19.338314
685479,25.065733
573928,36.605713
788400,28.676815
979104,3.8885598
41805,14.188645
777968,15.232137
1474490,15.405725
908565,3.9693503
1454095,10.623215
677247,42.454285
826650,41.887104
1136640,10.606433
92468,9.381783
256033,20.687876
881696,98.85625
787200,30.464252
1895,8.77999
571217,9.428063
87129,15.590777
180651,21.019009
1211503,15.599846
352226,29.6195
662892,13.045892
615076,27.560095
435662,8.943059
43172,10.661253
1277321,36.727352
139683,18.706108
95600,3.9581614
23838,56.551983
1376450,4.10344
926961,35.69546
1434645,13.843011
785941,9.408329
561516,89.11346
451399,16.41
1342273,92.460915
1194149,16.825535
372589,71.91621
218897,23.977957
160918,16.388926
16096,13.091372
1099239,5.559622
897730,50.57153
39823,15.699804
730375,75.81183
1145634,13.614009
1276730,32.95253
914807,19.55012
1152100,54.87572
1217187,12.20154
207155,10.383486
613302,27.391333
319725,9.396882
1443185,30.906372
1469703,25.80113
741724,28.759274
191673,37.078213
752223,94.89317
64289,89.634026
53566,34.481323
33022,15.264732
1325063,25.34643
347701,17.65962
1457356,11.793059
867975,17.26706
943194,6.4032636
407552,16.176376
1262629,5.22182
500402,24.354269
1459419,144.88138
1448698,24.615305
65857,12.803613
1253838,21.065296
682745,16.793697
892268,23.981674
1384583,45.76949
523919,7.121134
1324693,8.042716
552225,17.93587
1128108,26.79295
1461424,32.835373
561328,13.51464
271156,9.602537
226289,31.189915
643604,10.752775
1251206,14.858146
3184,23.62202
814143,18.49184
1274975,15.558816
1094579,11.1370125
522299,7.9863253
487190,113.18323
1304858,14.095166
261398,89.1843
877646,17.802942
689508,15.772095
921048,20.560886
1262259,41.777897
1137811,16.883308
1278854,18.642765
1122496,21.91784
1170524,12.097158
975345,53.01195
1080897,22.758358
181969,26.284252
832930,6.5891967
1101348,10.871937
732570,139.4952
934710,15.280119
436495,15.302763
901540,19.72767
795185,12.482091
810348,40.616573
1455133,18.917004
1188685,13.309027
393994,18.09137
1405131,10.441016
71819,64.16608
218930,58.767227
935076,39.184456
848923,9.969594
1077543,20.380127
664344,11.654742
1240352,15.33707
1174078,23.390625
898977,55.755825
600698,53.814873
1131376,19.959217
966783,19.361952
1024502,11.270047
784475,54.920444
1074622,11.167911
1185031,18.237831
878597,23.070004
37748,6.5966806
17396,20.880386
1051247,25.926645
274266,27.19878
759033,10.349311
135202,17.81223
1402768,24.59355
968106,27.675274
121779,18.638447
1397734,9.823473
708242,4.7014127
1337051,13.197247
845712,9.217095
909796,12.029095
797134,5.616462
1162506,48.929123
643070,21.852798
981538,22.893835
165624,22.46871
1476724,12.720794
522127,14.451597
444381,13.741103
989804,5.0416365
99856,23.292656
1358201,57.85813
1396545,57.619244
1147520,37.253586
108633,3.2872355
120951,68.28433
676790,17.808878
558636,16.393454
21353,12.586536
1353,16.622877
1202004,3.4184794
202712,14.018501
801458,10.162043
1379993,14.243526
879780,27.224386
1365494,14.9507065
608700,12.220032
488725,10.306388
1180208,15.8871155
1226915,10.336876
1370562,43.289585
1002326,12.503519
3262,13.922283
1480515,37.223373
471069,29.491335
280207,47.70102
612581,16.421268
212037,14.684346
99667,116.85364
1110495,11.353435
629640,12.6432
1457192,31.654297
1311612,72.555305
531130,9.497215
292786,15.573667
1271442,37.44659
555133,5.4820986
1285810,7.327717
1472863,25.438614
1466169,9.568836
306372,19.939352
1075557,14.169729
488548,39.62707
529051,28.983398
663144,16.25038
225867,18.124763
1363157,38.795277
888260,20.412659
1450173,9.3562355
577897,10.676224
1467937,20.598503
517326,15.840436
924682,13.510526
1279256,42.02276
1275813,43.677208
120872,5.5627785
457196,39.521233
694357,13.175526
11172,31.328888
333433,23.6547
288889,34.090134
1055076,23.085957
1333889,10.78111
195788,14.440266
1381936,10.355647
998806,9.869066
348456,15.387038
616411,10.813248
746121,28.363401
240012,33.33423
890346,39.72237
643709,22.40919
1012028,8.00527
1039938,14.355302
867948,16.66239
1387516,35.383106
364676,6.230479
1089283,18.072084
1412938,39.85144
1041565,18.369051
693781,9.552034
36013,34.922726
634079,17.371384
1144015,18.569067
177069,22.633312
281953,23.298298
378699,11.757456
387674,16.599745
755190,6.8781614
992859,22.623465
652363,15.949852
1174411,34.164253
751212,26.045416
312825,23.365662
1420821,8.241146
34072,25.417732
649424,15.750299
772239,17.121145
430266,4.7286673
327101,15.263972
978292,14.769443
795966,8.924048
527267,8.699515
1252343,11.928145
734058,17.025192
1118646,24.833246
427752,4.042554
584623,18.475983
973396,34.839
687851,16.324
1172546,24.72062
380564,16.861721
1479611,10.310583
974879,7.5408354
730258,19.936895
593854,9.786071
438552,77.56246
362897,9.631537
147571,13.144625
963481,19.080605
1233627,20.910637
1341842,11.859774
1000478,43.289078
735827,16.31011
635909,11.552719
910680,16.802586
201944,19.546003
533634,11.838357
1439045,5.180797
1183570,11.121388
454338,13.732752
409480,16.871212
622409,4.673181
1142385,50.19032
802074,14.369766
794968,49.082348
328038,16.938446
1223821,5.8367834
1362388,13.720772
90194,13.511142
1232059,19.688564
365549,54.315777
1001180,13.918128
1321151,4.3284874
1460781,14.362567
726249,54.065872
473812,25.956854
652552,26.337112
472894,15.739041
392540,16.096094
997931,16.740242
12136,9.111005
506882,17.521517
896125,12.553148
1073718,14.414342
38368,5.705065
1410350,21.175627
1310426,10.466828
1230942,33.48537
1462161,20.067818
20282,6.3142843
1107749,22.552471
761199,10.140316
345924,10.142298
586796,18.114183
474260,31.177906
446246,14.034501
380193,13.325593
11397,53.872486
994141,9.718811
482377,27.246082
1328964,7.2490053
1034665,29.58889
650623,54.27591
729800,6.948364
44365,29.056976
1245982,42.87524
1430618,40.820366
945071,9.188037
1305812,5.802929
767540,14.216181
571234,14.961549
621782,46.079815
270530,27.316673
436499,24.74909
1109119,6.0724955
477958,7.374145
196972,11.561272
696096,6.598028
1173785,29.245634
488957,9.149443
880983,28.023542
1166057,73.39911
925303,30.825127
217626,7.382617
562669,24.552315
92829,110.6471
1141098,61.541565
965586,8.841839
915494,40.539112
434452,6.3266764
41581,3.7240374
74667,26.746552
151638,25.118124
1293008,10.116079
854993,41.7688
1116843,26.762802
92808,16.29833
377257,23.974092
1315229,16.47578
747570,22.682425
292216,15.000938
612462,15.227764
160812,9.600168
789203,31.070015
342366,24.916355
562075,13.005069
340717,20.607994
893608,24.208757
248499,22.473192
614091,18.68547
1006772,27.071564
721778,15.840774
667060,4.3230844
910976,23.050545
375866,37.059994
1107401,9.490134
479688,36.648598
1405147,41.089157
449646,12.970939
725741,21.679716
884156,8.871331
615808,16.451885
537125,18.171421
1007641,132.57407
870187,85.63139
841892,10.052198
899145,7.3700953
1387824,10.418897
1117223,12.029902
1402734,45.734478
341139,9.808434
782862,7.154764
1012897,5.747096
487703,46.7107
731620,81.266624
294625,10.132696
1298220,13.587407
457705,26.497898
365072,22.01098
241580,34.46277
267752,13.338243
793978,48.707798
1150744,62.99185
1021751,33.591194
514651,21.01177
3834,9.956541
366045,134.21106
1110229,4.9485135
14268,11.904858
1299243,36.010345
534180,20.971527
865553,12.389809
520477,46.96957
357392,24.191141
713571,23.44448
724284,25.7217
656073,34.596268
588121,33.33166
121945,104.92711
825868,11.570122
426262,18.376255
1211908,63.66786
972275,10.984464
904903,7.644525
198223,34.926674
1352536,21.922794
348546,34.444393
1149402,10.010517
242649,8.516895
526892,19.6213
431668,9.504075
1335204,17.234081
1165196,26.94824
218815,9.880201
169559,11.309736
64498,16.314213
604860,16.208878
506158,21.387913
513861,15.795888
1097721,12.185865
77742,43.095486
223126,34.122566
425339,21.496471
816597,14.166428
492041,20.818546
818233,29.625034
678580,7.3570223
782145,14.607175
149798,25.96876
1133328,18.712898
459031,10.476861
708224,20.578012
1238759,8.526973
997733,12.271523
1420053,62.682613
762644,15.139367
1292533,5.431012
1037265,14.832431
982914,72.954575
1345194,4.0842543
1420735,10.519176
468027,63.115215
1269232,64.41623
1359588,11.941663
1173362,68.84259
842597,15.835957
853469,12.48539
597829,16.4674
193761,10.750758
1414794,30.017216
1300437,18.62967
547648,12.07036
395937,16.052643
547988,17.559258
1025108,17.726534
395332,11.698888
126837,78.916084
235106,23.897692
207422,5.822801
265831,14.768107
588109,5.83387
1429323,27.72748
394169,36.973373
244788,14.6342945
5486,20.151688
560750,17.729458
74163,98.09669
869962,19.66197
1196530,20.967522
893328,10.107282
774186,11.870162
1355674,27.164177
1450912,16.174934
637994,9.513786
1343110,20.102983
367809,8.658715
86575,19.560768
1226026,22.76918
176,15.916597
788433,11.188247
319497,14.247409
1357121,16.331295
107983,17.957817
765104,117.274345
1375985,41.101273
149509,25.432034
373019,29.689049
28697,13.357923
1008986,71.8135
1019555,56.59094
933329,25.463726
94535,85.48631
1372173,42.28188
1040802,26.086082
778089,140.54236
960829,15.543087
672121,59.6568
123381,7.0642157
1134371,14.7993
694282,26.584475
1386739,14.304459
273232,20.31435
121104,14.018401
1355361,48.901466
389074,11.5680275
1070424,49.7307
1039546,46.627712
1058784,14.327325
978662,18.134966
359278,35.219173
736518,94.20974
301173,11.505194
701372,44.14288
439158,45.857384
1085640,19.55278
1011604,9.963006
922215,10.136609
280523,4.374418
258741,11.590412
285234,7.6547513
1158370,18.09654
626170,18.899147
731462,46.07144
1065154,11.14537
628430,17.946568
1092875,7.275287
1032903,6.650558
400206,8.699658
870315,8.724309
263712,8.201937
589268,12.810138
887168,17.09877
1437851,6.148008
478949,67.20832
263862,29.556389
527483,33.857864
133561,10.988121
517188,15.32871
462663,9.327547
1058073,32.094456
907426,104.88575
1313786,23.293213
122785,8.259756
856090,14.27011
58813,17.252409
136064,97.40412
1226598,15.468344
1409374,15.263918
660288,26.800358
1324587,31.554136
267027,18.885508
436569,18.959435
1171903,6.8794913
1054312,23.839218
591877,10.322244
671242,25.523392
998408,20.364845
1363823,28.100552
796330,3.5702431
939952,28.022942
267163,9.684891
1365943,50.98573
598342,8.696292
977613,11.792385
691154,23.508896
664239,17.303312
294779,21.110638
147948,39.24316
1031327,46.422894
1244720,43.249363
1326862,28.209057
606243,24.24709
265342,11.5278015
154887,40.626118
466475,9.897809
804629,22.084593
28690,20.502335
103640,12.05957
457748,23.27516
1316838,18.16149
481166,38.121857
551321,11.888687
870199,11.126371
474192,12.459038
473109,81.73102
207614,33.454273
605278,20.134407
663857,15.825571
1193370,20.51615
447918,10.666247
1153596,13.703318
1337889,13.965401
427727,13.339559
33234,16.96494
1424188,37.337036
704841,25.06751
1454358,11.052273
467577,19.83628
1263223,8.632722
1290340,17.856325
911442,13.309481
1223333,205.16183
323126,9.673108
40845,15.807288
941202,6.012102
537691,8.020914
65454,64.68554
1115021,3.5158079
876344,4.4269896
433879,8.286442
565225,22.494642
1259632,13.168808
1338263,13.417142
1052986,18.982943
65177,6.2828474
1408454,80.554565
989858,47.638477
717573,15.893112
699983,11.745818
924366,5.229779
1203073,30.524775
653837,28.88424
1290065,43.65856
671005,38.787136
1309613,10.2897835
1032381,9.085855
1206070,11.581321
377416,25.461025
501316,12.810421
656563,26.980335
447321,20.931793
588401,52.821957
792856,43.82991
609084,35.70608
1318915,15.671158
944943,13.002361
877209,16.654215
630692,27.169374
30541,12.820216
1038801,32.534992
497785,23.643063
557480,52.612766
636353,25.831825
1297897,22.509138
336690,11.929234
655906,15.283644
1223206,9.671871
51141,29.631987
124267,8.548537
397227,17.354862
325974,55.14507
565059,4.349129
691550,14.507713
1171931,13.674009
1217375,24.05304
596106,17.221956
729416,16.616285
566687,13.120722
369630,74.11955
1462097,3.9302418
1161013,30.249407
180303,25.678013
392067,10.568348
852109,12.214709
460199,12.228626
322941,68.39146
1346714,62.360004
847488,38.526814
696435,11.06826
689265,18.016043
451954,12.744357
894770,24.892292
530116,34.411198
1456224,19.825617
295252,27.534851
57325,18.032843
1283759,16.78703
1366649,8.995148
283075,15.934951
1339732,12.224127
857988,7.713544
27200,13.050245
46829,42.45391
179325,18.795343
1321770,19.121807
430018,18.770887
1294480,17.96333
1094838,20.123344
350033,16.776836
191430,12.559114
845855,8.035585
899194,9.135125
354426,27.165815
323300,3.196556
848491,12.44059
1473540,14.056217
1040888,68.637474
690411,37.593487
11402,41.425297
1411832,82.20648
580100,20.09247
1143501,22.131687
666516,20.052328
111622,12.8377075
1334551,38.029995
42874,16.39108
1334371,17.95188
1202852,23.999733
425557,22.80606
1228646,12.763761
31230,54.629967
466866,13.123382
1295237,12.699279
262927,10.123288
380322,12.433311
792048,3.7183647
1290040,39.970116
693800,36.407314
687214,9.185885
1133742,13.589814
723073,55.50822
610386,5.9005957
44363,10.325097
185955,16.116756
1295358,14.565488
683350,45.393303
916922,11.058174
780167,16.515604
1166919,66.04002
1044935,5.844503
978727,20.956076
771931,9.00062
1306807,19.37619
161139,12.789489
757427,26.579885
1071684,36.163254
756905,44.063026
595960,33.62154
682103,16.351715
1194310,8.163722
265502,11.882755
1397635,10.030625
1013409,28.081402
809221,10.687595
1090785,10.3815155
1171328,14.048488
1347988,13.519406
802510,13.788288
1121959,28.541191
437191,11.444415
291765,26.523523
672825,39.65875
1214943,29.804667
1073593,10.098985
1053428,11.573479
295287,8.892191
101775,25.636675
900670,17.463993
816659,81.169716
1085561,28.679361
1331241,10.738941
644000,124.80967
1141791,16.379152
536994,15.190618
921438,67.09218
1055213,32.24869
1288802,18.45475
610140,22.687263
436932,70.484024
829115,17.458675
1103396,42.33652
1071800,12.545234
698307,59.93571
588872,11.851002
1008395,48.487873
703309,15.038935
824716,11.805421
1438781,15.671612
260157,15.172667
428829,22.670982
552829,10.459034
583171,16.39702
836761,19.643972
850431,37.84107
1280844,37.301304
797337,35.79642
958272,9.914632
210026,14.113629
610467,20.073715
885630,25.74383
1360540,4.672278
392661,20.529215
38019,10.904765
1142161,23.59353
309080,10.551937
1132918,44.38241
1282304,105.21161
1446773,82.1186
1049340,10.197207
180817,5.0804443
584551,13.558121
156463,39.878662
173938,10.005614
1311897,18.08695
853145,78.28691
311899,17.53009
1459828,12.788812
273115,6.852577
786681,13.005453
62565,6.318
527522,48.723583
539427,26.952778
59445,41.237785
1042561,27.16323
476414,12.261785
1018315,27.4624
382496,29.267073
268923,100.80365
1381882,13.426887
943762,7.205853
1191256,18.053492
431163,3.1394937
610453,15.156816
995959,41.75203
593886,34.79458
38669,12.824669
705254,14.575374
298872,31.140045
700222,5.504693
865322,69.80888
151727,18.43271
689835,4.029945
829738,10.535443
465219,14.070203
1025887,55.004692
267379,10.70294
603283,113.31697
168555,3.3472018
927888,62.710648
168933,41.28349
144006,33.67664
895860,12.140814
693708,16.84558
1166614,10.842835
946902,25.739195
33481,23.069698
502000,24.655455
743368,25.093502
605433,13.405721
725841,32.51123
740931,10.260896
382881,44.07964
1301962,10.894143
1110979,11.69497
315794,18.34662
1392398,44.530807
79354,34.950356
395969,24.46081
516731,16.651323
404130,6.3283534
125419,23.305855
1004654,14.314678
998770,59.085323
1056978,15.208906
238433,29.143293
113158,54.12267
211957,7.811169
1360953,163.66936
1302305,17.956326
266679,6.6138864
992092,45.251595
1276866,7.615394
81007,15.8444195
424322,24.101637
1002400,22.699577
61532,5.4983134
417649,5.662044
822603,29.71781
1389342,92.39315
1033798,18.221302
757518,7.4014406
341742,15.795815
961230,24.28372
1261469,12.684204
625031,21.277254
510608,15.623958
762188,13.82848
887466,16.061193
198467,6.288797
1180309,16.651651
408769,19.857847
108311,4.4683733
1111486,6.0159755
788019,45.277264
237188,33.59893
1428428,3.3716414
1360485,18.16536
1201786,96.7178
1067092,12.883023
1208942,49.040836
175442,14.344656
1196767,19.44093
916007,36.01859
685539,18.042492
1277315,17.212791
262335,88.7176
1383465,53.842663
1050089,25.208036
725066,14.321808
1144403,14.097861
1310680,17.176357
1407256,17.649242
825054,101.01595
842657,18.352734
82681,9.228244
781879,13.234177
506466,25.02393
1436933,12.71768
583813,12.13682
1031930,9.027069
1185079,23.58901
808045,6.54078
634758,11.663634
83216,9.94206
1212511,30.300722
142513,9.978314
933948,19.292692
1373226,7.436515
455593,37.496864
493383,19.708155
602942,15.583809
1470821,6.5088677
571502,14.970082
754756,29.17681
194513,31.355745
607024,9.721413
1367678,7.1553397
1131879,5.747452
244268,16.84004
744479,40.9885
92221,9.700324
30250,49.45663
693188,23.3934
945026,27.715324
1028480,21.669699
1259474,54.74128
1439680,64.23581
261414,14.129388
667862,33.547592
1283805,9.2225485
857945,13.146186
137240,90.205956
1206459,12.772791
1303133,111.47625
565364,18.46512
1456699,38.94704
1108979,17.244057
1313280,23.36199
673468,7.660219
282649,34.313362
1184033,12.9970875
411095,30.710386
1058870,15.304715
905844,11.695803
1387707,13.969184
1425425,21.499905
1132985,47.831696
697453,16.733723
525923,23.826708
568268,15.881319
1030034,8.085479
943488,7.8763537
238926,10.452806
80495,43.609875
1269522,70.26583
1394976,32.501804
1054729,63.307777
687052,7.4904804
1133812,35.644444
1423844,66.416595
1342600,32.377632
340584,20.659027
735162,20.114578
240569,18.643631
1043493,18.242804
316783,20.320173
435859,33.04217
837106,29.26666
925971,32.660866
3398,25.740164
1263007,16.026066
1069383,15.938286
249663,48.404785
664919,7.784708
160465,25.456976
1425866,20.065056
539213,20.359625
713496,4.9845014
765361,10.801695
1212726,13.927798
1048322,14.712607
490849,50.141415
878501,19.372305
1329544,6.7677283
562612,26.994034
164353,4.801236
1384618,20.086592
592850,17.69295
483018,17.158833
882111,16.058653
87391,7.495127
1420094,14.420106
1034379,8.440216
586555,33.610836
996026,14.180797
962754,59.783764
349169,24.610731
433064,46.592728
1020005,13.426402
74587,33.009014
130726,8.224041
1426047,51.908527
1396901,8.550607
1171851,7.4472265
306194,19.160082
244847,20.068481
1477008,47.6332
1278687,30.667889
935614,15.347173
1054637,35.021053
303805,2.826953
1469099,8.91484
123290,15.504073
1428764,6.7303405
1335605,18.208096
430434,83.87032
279910,4.6564665
755584,47.061886
1183606,26.485765
1131009,14.605236
1259717,19.192158
913084,14.866236
691078,23.513384
181052,7.485755
786940,24.517437
498048,9.118099
1174615,14.501459
1247844,14.023859
487048,11.826541
422036,25.594433
606226,31.386208
532751,14.640506
1011409,15.641085
488438,23.557156
24421,12.503535
440678,14.168344
1469982,16.866743
920163,48.86297
775206,34.010677
862923,12.666568
567590,16.89391
596917,23.14169
1240022,34.28229
1361613,12.08158
973661,31.868637
508681,24.809765
671900,19.30985
1027399,29.351519
1194122,22.86855
749013,30.426767
615053,5.4983277
13582,41.431873
1003642,6.2835975
937127,35.203625
223876,21.729641
446573,26.223381
787862,9.803773
773022,31.222649
550897,28.441544
862276,12.876851
606355,21.715443
834211,3.444072
870712,10.647058
520053,11.302821
992980,6.552796
451013,16.262861
22786,20.852833
167119,36.695797
989831,22.452566
1197879,15.950955
1468473,9.730706
1139426,6.276693
374562,19.563318
723246,9.045738
654571,13.558944
419310,15.192819
857885,16.130188
1391955,13.779236
1140440,7.726145
923725,8.017535
1388623,11.123195
1204012,18.059948
1026555,31.023928
589639,11.686946
621567,13.236464
1168113,12.980865
753346,7.178692
535223,28.319365
532896,77.201675
1430074,7.4585485
818862,24.787106
639534,26.122595
1343115,8.696204
698587,7.127935
1029343,11.007413
1135534,33.261044
764779,27.630024
470200,38.61021
601767,7.1956058
781478,3.0931268
996983,7.06656
786612,80.90133
1300980,52.674923
43669,13.481722
862020,24.536205
1027499,23.4761
1126692,23.708855
40954,77.19202
992297,13.526902
776533,18.939886
205470,56.81568
437403,4.2842536
99472,7.1767225
268861,9.696389
858157,27.842493
1177101,11.24961
1455086,3.8057158
82305,14.852015
112531,18.910864
173259,23.796083
930410,12.585079
1481664,7.984997
265372,37.77802
227402,17.402466
290788,169.00803
157269,10.727178
733491,17.883718
401990,10.42524
853678,87.38416
1041871,34.448483
375823,3.33868
1437863,20.382345
948671,17.134798
1294177,13.475523
852851,34.20126
934884,55.03175
1272555,22.186178
488206,26.50795
621277,17.383364
555638,94.04499
65465,11.361578
1286073,16.841768
735193,30.64785
491818,32.96035
113120,29.061884
820298,14.59238
269797,28.6867
818102,16.601486
639536,37.8994
1428486,44.179466
649295,10.262002
1201899,84.76002
1271936,24.198307
1478665,79.966835
889754,14.627185
1408642,9.90055
286785,14.008672
387897,19.982315
780149,19.919802
929430,13.514463
227969,23.07859
787707,21.775328
928911,39.386475
592466,17.903513
543893,10.37896
62644,4.306038
839425,24.639019
1223997,12.717663
5070,40.580235
533636,16.912836
882726,10.047282
182356,34.222515
767799,7.732355
209004,37.09018
1238960,16.466188
720212,43.662384
1199348,11.217681
987652,15.546581
187680,121.6231
24720,57.77063
754440,27.756828
1188350,16.374876
260108,12.627374
896996,65.70836
769267,6.7937737
328698,18.27988
917613,16.704466
1311457,32.451626
117724,47.385513
528135,75.6972
1104920,53.966236
672131,9.4640465
1475625,4.912454
695991,52.06205
91851,14.749517
1098976,9.077764
1208613,24.545067
168524,12.503046
1223414,3.4876025
604890,7.8345795
709973,23.66661
1274762,71.70006
885560,14.577962
1183279,3.50619
930426,28.84226
955992,5.2824397
35155,79.98915
1057293,19.499296
230207,12.051032
938202,74.33467
776788,8.262344
886125,4.2105155
1045859,18.849768
1318580,35.322834
485307,7.469555
1318410,23.118338
1472470,16.295176
996530,32.474457
249170,20.095577
1390330,9.867846
1425313,21.305677
1022857,10.66197
110587,18.043446
914292,12.665343
1062525,13.816493
894921,44.18564
871005,26.449015
1276188,86.98494
378285,23.01047
296952,14.581331
586975,44.820206
1212053,15.155498
362853,15.814507
1472844,19.645498
691127,13.674765
1045738,14.914361
1121228,14.700868
718886,14.727952
645570,92.26223
710186,31.064182
1302577,26.471975
849054,27.676422
278292,16.04878
811428,23.358925
1293393,27.753435
465321,86.12234
1118980,35.77881
1145973,3.7398844
160310,8.822411
769132,54.60615
1126215,3.4142766
782858,12.230042
1188436,11.632544
1432214,6.7029495
1021216,12.73922
1107967,11.171171
75353,26.833286
65595,24.435976
791214,4.5033426
549535,8.911511
596363,12.079741
643859,47.568775
67345,4.7913456
40550,21.927446
401103,19.42389
24710,13.029981
775911,7.901274
1150558,8.989172
1399989,9.866522
282589,36.967903
1328804,13.918093
927099,9.645379
407677,11.892987
1155823,5.6884165
379152,15.983941
201674,13.036394
1016524,39.45748
627122,20.032747
811430,38.88369
322246,22.913536
848109,3.875968
1200872,2.9335272
580680,77.46362
1279922,44.46081
1437976,26.048944
510243,3.7139452
979230,26.448097
13340,43.45937
1284231,51.23072
426448,143.05008
512866,3.9396694
1376309,22.756886
495383,15.496005
1306729,43.653027
1341373,41.933582
118811,4.679583
1196001,45.882126
1442082,97.21375
601757,55.035892
1229645,52.84863
1253865,7.713193
23524,27.642088
825055,14.009645
176097,101.36431
1347117,15.234188
323899,9.484239
7558,21.52135
847934,12.882742
826481,35.309048
747405,25.09158
1121619,22.333836
456589,24.110825
28626,11.7383995
287465,13.939669
694215,47.428596
48490,11.16657
742540,97.7263
608108,39.471626
1342702,23.028902
880498,36.804737
408189,25.498167
94245,14.748796
1365284,33.14805
1128751,12.794744
59542,14.300938
538813,6.0760894
724046,11.892839
331678,24.979464
907281,26.16576
253255,13.734297
61994,5.0044513
365238,53.981937
491417,28.290684
427167,4.121771
418476,44.021725
1288349,24.05678
1048999,16.91489
683209,19.824604
927719,29.209858
1222016,14.883627
1356462,15.170103
95480,21.453733
1148837,6.34651
303044,31.49187
1068503,3.9151757
932086,8.975987
489579,20.32963
1180225,31.499014
898448,15.945743
418147,11.956827
185269,19.334639
1198459,14.95957
853502,13.571903
561477,12.40275
1232971,19.636093
1113431,2.6184359
993398,17.5161
1097796,12.846949
534938,18.365854
903271,12.118103
1046991,14.047515
758489,13.152872
728555,24.005623
384920,25.248646
1217046,68.840324
1434696,8.691621
889281,9.992397
102511,38.373795
1064989,31.6022
1332487,38.581
202440,9.355968
1044606,19.514368
772321,16.3341
791402,10.844397
590858,41.671368
927535,42.419064
1334266,16.328539
211387,21.155264
1321392,25.649786
706893,54.638485
45341,10.703366
789775,13.812187
1083779,9.784477
1419538,9.888033
177942,104.30791
199219,20.905153
731571,5.7557425
133204,23.635702
293631,26.856955
1373569,10.983449
566795,44.53213
790181,12.146028
1339115,23.82321
762569,11.959561
153029,8.401247
1112802,4.042575
635537,3.596569
624739,34.566933
1364215,47.80525
1197025,6.129279
1034966,19.169857
100472,7.0955176
738700,38.754566
1336545,17.507185
1460381,14.625903
167770,101.1963
831145,10.241308
893619,18.73389
1128542,12.15997
1160655,15.104327
1385454,23.462875
23392,66.68149
499755,42.08786
1300422,9.815089
222527,17.43671
909374,26.56223
1442907,16.361605
878107,6.077355
504380,26.601448
1070178,11.475813
637948,4.0871725
1125155,11.891509
1215383,15.0511
383655,16.04041
1173074,9.556053
1315119,4.0000114
1139955,10.12645
836374,58.73503
534823,8.531876
1062009,13.452569
1265278,9.044004
1161225,24.607483
736660,14.57612
1307704,23.226522
1195836,15.028617
1439916,17.043367
1320651,10.706487
1028226,34.36309
552006,13.170538
585071,27.167004
173607,14.122449
1268943,32.63345
1287643,4.8782086
721964,21.941942
615940,26.216833
612684,13.093999
1414223,20.378506
922848,64.579605
1409781,45.105473
587114,13.660238
1480494,20.700811
1078423,3.9755251
1421823,8.393063
1043411,53.126476
915242,15.67435
1062853,6.035634
1295699,32.951355
1094481,20.763672
1401428,24.517334
1424129,60.578526
1313491,61.454395
1214718,17.009092
1316455,15.649847
1408387,7.1176186
620020,14.194919
401136,30.071419
636165,33.021343
926764,58.125473
165372,38.016598
825135,20.923481
1039766,8.058766
1184802,29.435823
933308,11.238073
593378,20.986368
1039047,62.76353
55725,34.248047
1161824,12.308615
721927,41.89421
71924,29.94249
1144309,16.077623
583175,47.86957
929640,36.9876
129661,24.255657
286366,12.469175
1377568,34.790142
526014,24.474083
190665,9.891619
277933,25.161388
764705,6.921889
914822,11.934265
957280,39.34584
54007,13.254685
448561,9.197845
932794,9.495873
530850,34.885788
504290,12.126388
533900,9.211706
102784,44.80867
809989,140.91182
264832,14.543782
287191,8.139653
82462,10.055071
764813,15.959699
632633,11.02017
863731,5.531148
602595,37.18314
1304714,6.722429
346444,19.58095
1294720,6.2976894
950958,7.194492
569896,3.7310498
853302,7.652059
1093439,13.693092
957092,9.041054
1020247,18.238935
766334,13.0138235
1422651,17.770697
811945,37.72197
974770,6.871558
1211672,8.929367
1367794,8.446933
508441,10.974565
719769,33.805805
1462084,19.93423
471672,11.482581
1327073,3.6970906
1034021,15.599778
212118,10.909895
875628,22.556576
165635,5.865637
222763,14.427427
105467,46.046936
1359938,8.00213
1067721,17.742966
382428,10.474803
432425,25.275368
359573,10.02502
888264,33.991684
1464752,26.400028
952798,17.182364
1301100,4.4974146
45903,11.270633
763722,27.581703
558984,44.501842
480226,24.263552
771866,13.493577
711500,42.77756
642247,11.069371
608201,116.14528
1480411,25.331821
507256,28.977386
1460239,10.144891
556155,13.40501
1045649,9.893022
954466,4.312756
1187538,17.726414
132211,22.714138
32566,5.712662
1259115,33.15374
7885,9.713042
470380,28.335293
263171,18.076523
584412,9.626885
1303210,5.6803923
209747,18.201845
22766,3.4667845
612871,14.752942
722804,21.85003
86303,78.35447
141020,13.433176
207306,46.74652
905011,10.9962015
1029181,23.223843
154055,69.01031
1385008,62.662758
492305,15.569791
1404200,8.886216
756958,6.058257
1261845,53.373207
86023,10.115942
54010,38.682785
371817,5.025471
326611,49.405952
990407,12.123791
1319250,62.434612
414165,10.467878
846636,26.019829
1161055,18.350136
843686,23.227066
132521,43.914074
579171,11.375459
1118460,28.820873
869108,9.101974
830474,16.305162
37942,25.357637
808851,86.954575
609504,12.220189
863350,28.103548
411405,20.185127
851396,8.40415
1120936,16.890324
247320,11.350419
1315989,20.00941
287571,94.83535
1220737,8.002567
490103,11.094758
1431848,35.242496
759097,14.724807
219290,20.806158
1195518,11.552617
125411,3.5052807
913357,146.34291
304404,23.780825
1394681,97.38812
997577,23.849667
235809,10.84926
213567,7.735391
257758,42.126514
1137770,12.928693
54129,19.051098
944574,25.591206
1397910,15.67538
584123,36.393295
1201723,8.662698
1009668,20.002901
1008251,19.674225
630691,17.980803
23719,6.127549
742407,23.81042
317700,61.501198
220868,11.316984
383050,16.739706
731450,38.002693
1360937,92.791504
1331138,70.80163
734335,12.8366785
468084,35.991024
51405,6.5519805
495023,15.167393
1162642,63.09214
278608,46.56217
634106,58.44673
735375,28.563976
974778,52.83076
1276377,13.28922
701906,165.79547
395830,17.625288
80652,12.185727
111947,58.301094
213400,13.085043
1072729,5.9777308
758061,17.634096
1105742,5.696915
777658,31.079346
1039418,14.992937
969393,30.14647
1452685,13.801935
1245309,8.208839
552559,96.57183
742225,20.201923
856781,4.938238
18638,10.595561
267707,16.367653
139675,16.482986
1206544,21.880304
1240391,5.471901
1421574,13.775477
1434152,22.591103
350883,6.818924
473739,13.894154
921743,3.5495338
853148,54.296947
601671,70.01264
1336982,11.197119
605537,3.2750242
1214706,25.690786
696865,33.835384
1336887,10.850987
169482,29.066328
246071,39.941174
284940,28.34042
1288213,27.1601
1240013,6.327485
785928,48.566303
940700,10.239872
1157187,11.100757
634996,27.794199
1015661,23.204699
621581,15.514945
715656,23.459463
1099683,12.508842
1353469,8.548219
1443208,28.06609
839804,9.902437
605219,24.94551
506609,3.9668696
424426,8.790531
1410643,25.220648
1413029,3.4776096
443291,22.294537
513115,5.056507
899308,12.799674
742400,56.967674
653690,25.287725
529360,39.02109
1029753,15.345228
1357343,11.359631
1210041,9.418729
530528,15.924564
465299,6.940333
46020,5.0640497
711925,16.424915
1433637,25.756094
695229,49.13813
768637,21.7139
1076282,31.25064
1324178,12.833588
711274,14.130235
647560,36.181217
206416,23.41186
765950,24.482533
1376684,108.27839
1359538,12.733086
1161763,5.6955414
63790,64.745705
1175393,15.931026
1277128,34.569004
397286,13.856266
990030,11.42619
1027351,9.3539
348500,5.369359
576100,28.9847
1202783,8.279623
1215086,24.55708
746687,20.353485
458263,7.5288887
803174,20.786894
57491,21.28594
1291475,23.908224
445255,18.33511
355324,22.855463
659273,9.446816
1317688,11.924213
1139461,12.455323
498255,14.304309
873278,10.609674
1313658,36.84896
678772,10.24881
1480644,10.019982
895447,21.460993
86918,16.320786
329170,69.16544
929820,20.466724
222825,12.796828
1012397,12.434577
912559,25.745928
1031365,14.200049
1027428,10.148224
542470,48.658554
1307012,33.20226
392465,76.26657
528750,9.814342
423771,98.874435
198256,10.643659
1182669,14.989849
750767,6.7195606
557576,9.944552
883376,33.46727
1182635,13.673463
756750,19.49925
915582,7.467562
938500,16.96678
231645,25.551395
1159879,9.660552
382405,18.258072
172946,80.01944
706831,116.14886
404088,19.001564
1177561,24.534178
1010097,9.538501
1016129,38.33605
540262,43.138844
1101235,30.187353
749660,22.929916
811157,47.408936
1112083,10.165896
528600,11.720217
1464651,28.11384
1002073,15.334679
1142710,12.025837
485296,19.180878
1030493,35.20031
1349879,17.473434
1352603,23.012175
272706,28.676086
582030,23.056803
561810,45.2632
1132903,35.63032
8887,5.668822
82524,5.5217185
1007120,30.472994
1121602,28.347752
182008,29.643959
1202058,39.806206
701342,22.941055
1446518,9.561801
885645,18.808737
722137,41.30662
1346004,26.655937
659300,30.197683
449715,17.8384
1193751,22.310183
1377009,11.432651
1471605,9.764489
341601,58.54228
450101,5.387178
1050541,16.014982
1165008,36.965767
685901,13.786757
441106,14.86279
461032,29.92052
126011,12.466549
1050142,30.403563
1328111,21.110243
840549,32.028355
392603,22.928776
138923,26.911482
632313,9.558843
495076,57.260826
925516,13.087808
1058522,18.548023
1416834,25.31529
678465,33.94399
1392758,41.99261
759807,31.094753
1411351,10.219243
960076,5.5157504
833032,14.697612
28853,30.296007
564042,91.79787
791259,4.561741
1404697,23.644444
394224,13.940516
75242,43.509735
368887,29.259872
1162999,17.958355
45874,6.2677236
951097,16.685534
868995,6.7625003
1327275,13.126426
645592,9.929837
1139619,21.761387
712344,52.96734
840388,10.456161
516562,22.74679
611309,20.232777
63928,10.11498
602279,3.8661046
81704,7.298154
1466896,10.7870245
104366,28.43844
329898,18.129963
101867,166.55476
1351065,21.75025
1419242,10.402187
234690,22.002096
1169829,30.604025
739753,34.2652
1418453,17.477465
1067532,82.82917
19497,37.589504
84110,14.274691
1017290,29.811512
579724,8.951529
1154658,15.434256
1031831,36.004997
237238,16.364035
174316,31.970228
981029,28.215479
347980,18.197794
97413,51.430084
1069971,16.506231
1336980,7.9681025
849102,25.733719
818458,13.227458
1311430,176.30345
476507,12.279234
1287164,12.912712
1443114,23.470995
625681,14.77608
1104753,9.224533
1208718,24.871078
872526,35.381916
1453206,54.40025
644169,21.002214
1378637,11.872301
831621,24.57364
884564,64.78823
545349,12.436928
264115,35.056084
1291578,4.8370123
1234595,30.529284
891731,10.189943
405058,32.663742
392155,19.378086
486022,31.876238
1291528,14.391372
9373,10.669499
993734,13.851124
653872,9.481279
562292,33.282356
435972,36.21254
1435894,18.481638
17267,15.597
1133596,65.124435
1359598,20.990845
452558,278.94028
1063417,71.69454
1130803,15.142669
1480774,9.938641
1219646,52.216236
646725,20.332663
1050916,10.296606
131713,23.946991
862552,11.532486
27437,14.030301
1216763,10.360936
545664,25.46044
652995,9.199085
32231,25.577793
522255,76.1591
379044,19.471895
1473695,47.32235
605963,30.230652
1253378,59.450638
486140,21.493544
403770,11.5610895
1341562,11.876865
209011,11.219551
528394,3.9244995
387504,39.966152
1395744,16.038475
1204319,28.281515
707171,6.092401
726282,38.663082
984267,18.826763
1227727,12.087913
585616,11.292064
1031850,22.92541
854731,6.187719
330077,49.318394
172387,50.46683
50272,21.0337
1195320,39.20141
869097,14.045205
1081523,8.841214
400225,69.1443
1360256,10.723228
607793,22.827452
899929,26.900896
741729,19.954275
935230,40.35894
350537,10.564854
80690,16.662699
1445021,13.183288
349524,14.657236
1329196,21.655985
1450576,15.088558
572530,24.323393
147530,35.305733
209899,27.316565
1364450,112.17278
396204,4.500005
380036,19.030867
918801,18.667395
244204,8.4973135
965027,14.549812
763046,7.1245093
964096,20.734034
793097,12.312652
1035086,23.444393
1123504,32.32922
958668,32.868713
1261290,15.231371
1317988,26.638126
523070,73.6401
718512,14.263362
1174270,17.100996
1038370,34.429268
75838,37.869335
108649,51.228268
1172430,11.881397
1070016,61.84937
9459,13.886077
1115086,27.898317
8099,15.6476965
1101390,21.78171
1213547,11.594553
1278253,34.320774
1082461,35.189323
279718,11.98962
480243,26.558548
721444,6.884242
296245,79.86004
1152412,34.523018
203540,49.3135
675546,25.870564
277981,13.402709
1253644,35.89324
925634,18.765995
908848,20.050993
1398226,30.518461
827798,11.473223
1409245,6.4892864
1204305,38.01536
767925,21.14269
962422,28.080181
265614,29.03799
931351,7.9552293
707988,142.04327
1252435,49.758217
1458757,10.51503
560781,50.21184
896141,18.343678
936448,8.909543
304336,55.734825
295223,9.837316
475308,30.85335
1481898,23.666046
945616,11.481242
395771,11.801544
73379,24.007448
778484,103.52452
690514,13.834796
1121908,52.780785
770517,18.633326
1373190,12.702026
332634,84.62954
807820,6.820365
999999,36.611786
1297802,17.73932
1220359,30.221249
463886,54.227646
1447259,16.018728
1077672,90.90613
822004,8.726695
1430417,8.654318
727676,26.239775
970314,64.269104
1258929,35.603554
599612,12.932479
1433446,25.994492
1298164,25.527693
653051,15.625805
1106166,24.878542
124658,7.5023894
548407,15.769691
794765,39.88038
420295,3.7607393
295675,15.378152
740009,50.43631
1180261,44.012054
815547,18.990032
862057,18.199154
801822,12.706692
1450209,32.114773
504208,8.578128
822880,17.756807
822486,12.063767
790745,6.5110555
939577,17.255974
411287,35.107243
1480235,5.8686824
69366,52.086346
171464,19.428106
1314319,22.279419
538136,14.409415
302837,15.598623
982084,57.238995
1390287,57.305378
685506,71.30366
1097847,39.115543
387753,12.471986
570692,10.11784
21001,16.382124
236164,15.262095
1422991,96.76333
830725,28.606369
186706,17.317545
2526,16.530937
1394399,8.535344
1459499,22.157213
690231,7.75698
29459,25.360748
1316121,25.535915
234308,33.466038
1212115,18.493765
336886,41.36568
436163,10.6970625
324143,87.22672
20428,6.685081
1147593,42.773857
639637,25.124788
103319,8.003295
1399196,19.766624
360841,8.951406
514894,11.537859
392464,6.3042603
1464167,17.796478
1067838,14.433571
1263079,11.368323
46770,7.1614413
33477,7.080719
1338974,5.5237856
1047002,10.210593
581273,61.651524
1366612,13.581941
229732,13.300698
903039,6.902491
944901,3.0915437
461711,31.814844
764266,3.9222991
1160398,20.72396
461336,7.4842114
244996,15.583691
244054,79.16294
1409758,7.362412
768888,18.037798
1246689,31.146353
990429,10.540811
535320,7.679027
1216273,22.368782
844176,58.893726
301077,16.130474
998758,16.787682
698961,90.24062
849730,22.173214
55771,13.664755
51658,18.656937
561488,26.978895
541741,22.20335
1250748,9.043176
836191,13.445817
520994,37.56922
890495,22.611956
120230,33.409798
1255585,13.726795
225936,11.753117
453318,24.897194
609086,18.245638
1440457,27.418434
413123,5.00693
861260,28.239882
538877,89.76814
1277806,14.315365
627240,24.493916
1151913,19.080788
158001,11.304144
1053125,7.5954313
1277069,22.360516
678880,22.140247
1404147,12.705819
394286,14.783992
385979,37.663094
899709,5.272865
921874,29.081924
1468979,55.801796
1035215,110.42325
587414,17.124739
66762,22.704557
1310003,52.74397
1291410,9.009828
767341,125.05136
1480161,4.243676
1133453,12.035508
1035960,35.577408
199226,12.411678
451746,17.728182
640870,46.336906
936933,19.542154
387593,17.54732
218059,27.45746
52863,3.7417154
1381953,12.803521
539277,19.261477
1384256,11.082485
92638,4.0382466
298533,9.788059
354051,52.128525
369491,19.000515
994037,10.228368
393607,3.6580536
725146,7.30972
378977,9.755776
207027,13.016149
1039537,10.0455475
624935,147.82079
1432451,27.635744
408673,13.20777
524605,11.079147
1422356,40.289066
452622,20.591866
781408,8.749821
487636,47.99162
1116266,20.941626
826429,97.687805
335671,14.376575
421196,18.659397
1005532,35.893593
1341709,17.355103
1014806,39.35777
9336,53.78025
822580,15.30805
310411,11.445249
1196413,12.490483
864904,19.826868
672274,8.312881
384272,75.489136
1284537,14.832208
802956,14.925498
488871,29.551893
1389554,13.024422
611320,167.1444
874213,11.904723
131848,13.247051
431220,36.23961
268226,40.41471
440932,39.43697
512007,21.162655
1254622,19.493832
458695,15.702429
707969,20.27863
1390602,13.134555
869811,20.301716
147573,18.117588
1362858,19.973492
247155,4.4785757
943651,26.378517
923912,20.75245
774550,11.990388
284056,37.59948
1412814,10.699103
840552,21.178766
679870,8.070141
1394248,36.404636
956632,9.562644
1009561,5.952777
821767,5.6964784
971171,12.027259
110849,3.0543144
469507,56.257862
779290,34.70332
774320,10.296014
1433387,41.82416
67195,21.731136
1051809,14.99881
1362054,31.431866
1006699,10.644373
715478,26.173002
864468,25.77746
782685,25.798025
1196780,11.060362
1208553,14.099262
1379942,13.241203
996336,8.498765
1478599,27.874956
924685,127.762146
83386,12.830883
1023505,12.833608
1474123,32.12951
1296541,7.906785
896512,27.557617
1045209,5.6458426
274230,16.419022
1390098,9.073171
1163317,26.597828
1056346,22.009644
784102,56.840607
615941,16.399654
465740,12.617293
1075811,17.859108
1160968,21.130726
140972,23.185606
207674,19.651249
60882,16.673098
1129205,9.81197
1079838,14.201046
367697,8.799218
747738,3.8450687
756891,25.924892
1172320,40.188454
764123,18.059435
491899,15.827637
248761,24.78742
1410339,55.769115
1374976,14.357623
1351018,3.829847
1305823,20.469057
913074,53.877537
1424066,51.475792
977099,15.737476
927646,33.327198
1223378,22.282072
1187787,11.136654
932230,59.22289
852982,15.440801
1349617,32.605843
627938,80.031456
1303357,15.488259
1206161,33.662075
11642,17.733839
610203,9.536948
362783,8.269195
874862,17.05458
1331918,10.625922
375697,26.40217
949116,15.66128
839188,10.85699
41015,20.841316
816869,22.036615
941880,24.005909
1066102,14.492403
295544,11.806822
1399536,20.894909
828441,14.793501
113089,19.482567
326002,70.49163
603226,28.190357
153474,21.319344
1157803,10.062253
1400036,5.639519
372342,21.194065
263499,16.028837
494724,22.351494
867768,6.842902
994578,46.34125
665655,15.681981
1065130,9.857054
589235,14.044631
460474,77.38307
1381322,14.817833
1150796,20.490824
894348,24.078516
430984,55.916237
1142359,27.05176
478426,11.397864
554287,19.067314
259576,9.319199
649749,10.765203
1477965,13.8034315
1081961,54.90338
94385,38.32698
1365673,24.104904
1257337,7.307757
648627,12.536475
622900,15.849626
752653,40.30483
1473133,12.709898
89349,17.67586
927243,20.838285
111592,4.48607
1234986,10.1246
49586,11.866794
270729,19.452507
344699,19.54396
1474502,8.267785
599103,18.107872
445032,16.707294
1049884,19.2275
567185,77.70791
687660,6.3175497
498817,10.418556
596743,5.303831
433386,10.183107
1086972,6.9062524
949485,21.100382
486396,9.648232
696284,32.6861
451577,35.87418
883528,28.61917
274152,24.868883
510169,86.2446
1276295,12.8775425
1066650,5.147957
349925,33.08888
1460094,10.427375
685477,9.841351
1453042,18.06425
422802,39.691467
968757,14.460043
691991,53.909966
148616,9.859997
537677,14.984665
487503,9.999901
1117163,18.730804
1403541,26.217268
1398745,9.365096
638344,33.231094
1379233,21.776766
754168,8.396067
691217,26.437832
305233,11.23151
30934,12.462523
757108,6.109697
790354,54.59462
1336479,50.427113
679993,14.861977
545699,43.82185
369333,16.629171
486789,10.693735
884532,65.92029
182358,18.07912
215638,51.723736
620713,20.22053
422594,22.733063
1129962,51.65105
466580,10.914448
997213,40.757687
1237292,13.362942
342611,16.140266
517924,34.697475
257976,3.990522
1161687,57.14651
317594,7.0326247
99679,14.64004
73550,63.206417
1476573,32.620438
182525,25.71161
429226,21.230808
509558,20.479128
1258857,19.712835
771105,199.95462
260339,26.522179
528080,67.53849
682450,14.154311
574466,17.528147
122368,14.14911
1362704,10.917055
1303504,14.491139
387192,90.01263
424416,7.2937727
1392985,9.124402
975662,17.325478
27225,10.48475
872813,11.1131
52345,11.305488
1218413,6.396667
3102,13.365021
744872,18.773941
758704,54.95528
1478041,15.749429
653939,24.565905
617807,30.343401
32731,19.47043
337682,51.43682
1443731,65.25529
479051,121.44921
158596,6.4014583
699490,29.779867
987703,22.142035
727271,25.65063
1426715,9.038216
248512,8.484814
989272,30.901482
801426,14.023021
779064,11.220606
453897,12.070762
1397180,34.74959
977766,10.791884
863908,75.391884
189361,3.7595317
492177,71.03778
1251509,39.69635
1401807,34.34078
1053685,55.810978
1272732,70.776505
954859,13.338823
403378,37.913147
1067687,70.197464
614949,32.81418
1052730,20.407074
553499,16.543192
580319,34.478016
66567,16.76009
541233,17.63558
686822,19.216494
942818,59.426777
647088,17.059313
1116102,12.251992
445003,50.6746
1038352,53.353455
1336743,14.801896
1058208,27.476866
105405,35.558273
677055,29.298212
1112857,14.483349
118952,33.39973
1201167,10.691575
576045,9.115468
1384468,16.901314
529408,80.95235
489912,7.3549423
960768,4.055214
1060631,8.586498
1330991,18.835802
430081,15.583737
446521,12.165478
258293,17.90309
575537,20.600918
1449158,19.563484
989776,10.679093
339364,21.181427
1076703,30.57457
379093,86.42705
1226447,43.266655
562371,12.973351
1147019,76.62031
1024802,11.333861
1279529,36.196415
755986,17.905418
1425110,28.43668
287798,28.407715
1428030,12.637307
186036,24.961489
1017618,10.470963
1067051,64.019295
1091113,43.538918
1018001,14.442052
607537,3.5912526
225171,33.964897
1024758,32.192047
1384838,10.782978
1250741,3.9207451
496659,37.799126
79694,38.895462
227397,13.887841
1320289,47.457527
650294,8.21138
854509,19.672834
26536,17.504705
1409036,20.184649
837195,16.100847
98626,11.258656
1168858,22.202536
838544,9.426298
321135,148.67386
394840,92.18586
1186791,30.893572
426906,13.572981
550222,31.50884
1281987,28.775455
869433,7.6451206
335688,16.286692
874039,34.514896
1034402,104.25148
270339,12.289309
5679,11.146902
1175540,4.7114763
434987,11.746611
774582,42.016193
778106,19.717459
1436407,52.644474
567937,25.494003
166179,6.460302
106979,9.900126
760227,6.9356585
581945,61.083748
862877,61.612164
146130,32.64718
1237578,20.530764
224209,12.990691
923510,22.586737
729887,38.690197
1019900,19.003353
489982,14.617352
1086239,59.6095
1237172,37.5804
930102,23.924852
459853,36.24913
717357,50.894943
635266,38.237274
16329,22.92793
1307847,46.35568
1047116,8.768346
726098,24.748045
633265,38.123425
719944,27.928118
62347,14.757833
898525,44.233467
320247,18.39111
1171031,22.908325
1083112,38.396263
651349,11.443908
267621,12.4142275
1118125,74.08002
854009,8.809808
404502,21.776186
1463969,22.12958
1043790,49.365253
323566,9.096252
18235,5.101876
243537,29.722563
853481,22.060219
214225,33.307808
923934,9.426515
1190656,28.024158
1077605,21.67178
627864,7.6021576
99342,18.92847
498986,9.581685
49706,52.38957
718815,26.503057
1080159,11.558849
85612,10.104718
629574,22.649603
1179304,9.946984
1313957,60.49563
85716,15.841251
332076,16.314781
1086543,59.41669
291693,13.627527
721107,28.69741
1412261,5.9576306
721768,9.628487
707556,77.60304
1097975,9.529153
984066,22.989685
1451225,26.971104
971553,22.536528
423909,13.5914
1160890,39.5775
92034,21.948944
1059989,15.790047
354871,16.432045
161338,28.91152
186848,8.53685
973201,18.605787
1273845,48.69405
414052,27.330746
1428525,41.701797
220375,26.413795
1476604,12.433901
618362,21.670115
1124315,11.528187
1286402,8.713051
1389638,23.82668
1068482,30.32176
324943,3.5972507
553889,18.900978
930875,13.921945
368113,11.29863
1015192,16.474157
743270,17.651052
1152849,69.13019
72774,20.878065
1304758,10.220934
344562,24.263239
622301,18.162975
636373,30.207281
53085,12.087981
1120719,8.654226
1077557,45.476933
852317,23.610043
649510,21.461378
1347131,35.270367
1016542,13.426027
1196303,21.519058
752524,14.657706
152134,82.42355
370979,12.544381
993062,19.607298
380113,128.72379
1016971,8.836472
782829,40.257942
586240,18.977634
745721,81.56565
739352,79.147194
989596,86.02713
1081876,15.938152
1070089,19.283875
389218,13.957999
263693,36.297134
1431168,15.957592
807541,22.706823
360811,18.843687
1247847,10.443849
269691,3.772674
1423492,88.19604
759222,3.1066136
711218,232.28691
494714,9.712051
1230544,118.22825
624439,7.2603693
1333830,18.588314
1336449,31.318562
1124259,25.826107
120293,17.348492
72029,31.096321
1197240,28.921349
974395,30.640772
59198,10.254996
202005,41.418793
998718,25.891245
1394906,32.263298
161304,10.487334
1013037,5.465616
1375772,13.7137575
258520,13.623915
963236,21.19688
491595,16.542427
332637,13.037332
460078,39.601654
1322718,14.014782
157241,25.246136
1235587,48.45868
718439,15.608792
596041,8.305435
1219723,96.47687
538736,13.41343
927514,51.17511
1452966,8.421574
712352,14.963847
546652,13.163877
785481,8.9640255
1298008,8.127826
296281,14.501093
540822,16.057074
1368723,20.764242
346229,76.96666
997684,3.5039184
448686,13.80147
1412331,9.2431
735573,5.6269355
1003212,9.694729
124582,78.21073
1285229,37.793102
350998,16.448744
1220604,12.61328
918012,8.42494
267634,54.651566
45963,57.281975
587980,11.825501
1413113,14.751095
233526,6.2113385
1410000,11.547333
543429,15.797201
308615,19.86109
294701,18.32857
636263,64.1556
553118,19.495377
1005517,34.005527
79880,15.079148
1165012,9.824918
716095,18.305271
1009378,25.207323
1243337,34.685696
890244,15.91494
802667,24.839891
1437197,19.59553
1112109,24.480213
1357589,27.201193
1134926,12.964468
564310,31.45169
1149544,15.623557
1464320,6.8045883
758819,17.454002
407719,11.482772
550447,8.308298
1060600,8.005667
652779,43.08309
375567,26.394762
1426477,40.804825
1191522,8.042926
1067059,14.530835
373210,145.15439
856899,17.350931
1239757,14.733139
271992,19.31294
1243648,6.7096395
1458013,7.8289027
944166,30.462864
163456,22.38397
693332,18.672
278137,10.186289
1332678,7.0056
711131,23.90551
334565,17.506268
647419,15.780705
449681,62.226543
1370726,33.83419
165153,8.194327
246573,30.285398
924987,18.003809
772386,11.811385
845753,32.330036
192007,19.874474
375684,22.178795
1361504,34.459343
359372,24.879
424740,89.63282
885280,6.1041455
1202033,14.062652
280598,18.18263
172717,45.857296
293312,9.597775
627119,12.681128
1386177,6.619912
547246,45.282295
1114206,40.755535
29345,4.349039
1052535,39.277527
1348731,16.119535
635563,25.639153
675081,87.807976
743467,32.5481
493438,16.016281
211245,13.927258
1098221,16.834028
929051,23.66293
670081,15.034675
517499,18.259853
291220,99.417534
1148106,10.240011
79426,13.80818
901899,8.603525
348294,23.06383
30357,16.48339
919816,13.922952
995525,29.025734
4463,28.507374
1281042,11.4865465
662730,40.912697
594534,25.26583
522344,6.5667377
801850,19.806921
1422607,20.702984
1042821,26.506638
728594,14.3739805
58398,21.526007
1246269,9.309042
1177347,8.244287
173683,23.886131
859581,26.702686
1180558,17.729984
895765,14.080816
1439478,5.1454315
1034830,34.727036
929871,14.688101
605640,12.715809
1428518,23.682459
486717,23.30262
353014,12.76782
669160,12.575301
670310,11.931629
1219750,14.818655
971963,14.677878
572019,7.714236
1142099,16.409285
839717,11.215598
1170888,23.431168
25091,57.533524
1303992,13.214818
1099365,13.732485
1130030,16.697264
54092,15.757805
79537,21.581188
482051,30.682426
1336308,19.726412
710377,5.075514
757189,10.516817
479250,60.53517
1169011,40.994778
22418,18.420975
21768,15.964491
284528,37.574696
1165687,34.41053
111612,9.318015
608319,16.005817
916261,7.105715
1086805,8.236605
1178967,9.758967
1000439,20.350939
1372724,13.178656
909904,22.35727
1031530,8.943062
862002,16.54668
720242,8.407364
569303,29.53238
448238,26.390427
1200695,13.578923
1180697,304.9555
1394378,118.27937
148069,7.5836396
211895,20.05012
208399,15.888227
451767,61.000114
390865,4.1245832
670714,17.932478
99280,5.008993
975937,17.134672
667129,15.543394
1255137,10.838169
693806,16.75565
1325387,15.429766
622878,46.190224
41737,32.191746
866186,8.449791
311981,12.940381
709871,41.27361
377274,11.773264
1387854,9.6273
1251552,18.939135
760027,8.990892
1161646,32.156216
336330,9.368487
568448,31.403091
319890,11.888802
1041796,52.443096
402960,10.79178
750812,17.772331
1447171,11.954446
642018,30.588982
496044,6.5502663
993540,15.069885
125125,27.349943
668059,16.888268
377815,10.701994
413046,22.429937
822633,15.587637
897904,28.675003
635372,10.956275
758690,62.149292
670041,15.055455
888651,6.8943934
1289963,5.484076
1293981,102.689
379040,4.9741273
480048,16.864412
231141,6.2272325
1380723,30.866802
170015,22.243414
815390,24.28999
684061,16.841295
165433,14.264213
1287141,11.960578
271534,5.319609
1411665,131.7704
342843,12.292801
359654,7.505737
718695,24.808252
27078,8.957984
1232903,8.211571
1391321,12.965084
51108,5.7531047
145728,31.618956
567860,5.7571907
1141772,58.1319
201585,34.82762
570827,16.157242
1334288,12.772611
1421060,17.906433
706498,5.8339252
1153067,29.553751
1014267,21.466665
118670,15.70244
1362777,14.29415
319254,19.798965
194747,12.390204
1476879,16.312607
69662,14.6308775
477038,12.035393
870701,11.295472
1469241,9.2175
1303739,6.7107406
400414,18.645163
1450532,17.433455
1099196,15.287573
1036810,96.23825
1272446,14.656833
637285,5.4089394
1072606,29.542892
993776,62.955948
1284149,12.249058
856127,7.366903
929313,6.7981753
166078,18.158466
232268,25.73496
1019539,8.894597
701502,14.794005
1045739,10.258396
178929,7.5255017
778828,14.233361
12563,11.4253435
336735,8.706992
842349,18.271132
1054818,23.248934
567708,70.93693
1192879,20.927183
518744,13.128891
1341308,16.672546
397214,34.318474
707080,15.769927
1005501,15.128658
796408,17.543522
1163105,14.168836
83900,15.31437
218861,76.15491
545551,129.37013
390943,39.52813
725949,30.83393
778341,14.599266
416898,6.2971344
375143,3.873417
53761,16.277245
547537,8.620562
336038,12.613749
1149898,57.196495
1034455,10.684007
641708,10.224345
598273,17.222263
250543,47.466934
1213004,20.573872
57295,14.32207
214030,15.75629
517200,7.9013314
627341,29.084513
780701,9.859322
226880,29.660767
530946,10.440302
378871,28.661692
250954,46.819912
1124794,12.984479
1010423,14.231483
1226594,9.726155
823821,11.343666
81214,3.9761243
539460,15.329714
261972,17.908295
659442,25.91116
45670,11.777407
1339377,19.836962
648446,9.669609
1444398,48.805286
374051,43.616493
897540,19.977514
623439,8.690339
306547,18.081623
1187388,18.356037
1080922,11.374258
4439,149.07886
1002865,18.191717
422307,15.728624
845126,4.8219323
676884,12.320071
918868,8.565442
1254769,14.101858
1388448,20.720346
508171,8.284004
110461,6.9162774
1385186,18.269587
1418543,29.783514
1448443,64.55694
1273579,33.583244
520301,8.195644
735510,42.64067
224917,12.220662
461532,5.852935
778372,17.098188
181870,31.474407
801004,3.7326703
420518,26.603863
1008380,31.274887
840716,15.30529
308811,48.396187
130741,57.747124
653150,73.506714
882207,12.640721
740202,13.193544
867501,6.183309
224653,26.279257
715989,40.04806
1340507,9.575163
841447,9.623767
198233,16.396717
1175603,6.3966246
707312,40.381035
956812,7.968996
573195,122.23506
951905,15.386112
518197,12.770827
1184988,11.262585
78569,13.29715
752471,82.91244
88468,15.409143
1480974,12.4575815
984620,26.546934
388814,20.355206
917858,17.394876
408172,6.5934286
1067756,12.311148
1463352,34.27474
692401,34.241222
291169,24.891996
1096273,9.51314
803731,23.359226
1171297,33.940716
971586,16.17996
871605,22.584124
1261635,33.88482
200956,12.467631
1062735,23.531267
1458797,78.87593
1144447,14.409168
1041846,15.45868
225289,3.8793097
326835,19.116669
341400,27.656343
443461,23.102701
487536,32.660015
329789,19.153023
1078275,40.511707
1253114,21.507936
973517,24.29391
27635,33.441124
946243,45.621162
913006,11.339735
1387504,24.538946
861407,8.392478
886169,22.155767
846354,15.344051
1051157,29.264114
781508,20.915277
711791,38.940525
178828,14.12788
1038112,30.040712
1214570,19.655478
1219026,18.492426
1307786,10.695086
1161486,8.440954
395722,28.372707
860226,8.55221
810952,16.275892
605620,24.91103
998618,83.77438
1154111,14.65733
628883,13.930169
198133,17.948238
493998,9.997803
748106,26.346172
573051,13.157692
1266867,10.126104
1055638,28.483986
1106528,14.6182
458784,116.693756
1371884,3.5349934
607310,60.97502
458089,11.753855
958255,16.001333
904223,15.982337
83327,14.993722
1307571,45.891144
367726,3.80386
195735,10.580053
642986,102.46132
1014121,25.032661
1056652,8.7378845
1209837,11.648646
172121,45.384895
229203,48.133823
1393807,66.1586
1447679,8.79617
214314,27.392855
682797,19.81441
330085,5.1750646
302584,13.257224
1171942,30.803629
441781,17.594841
43850,5.86528
1125786,7.78608
1358792,14.27822
789288,28.583149
392361,50.8061
894077,48.11758
600640,17.802153
64122,32.153584
1252187,13.121708
627737,11.141814
1209592,33.147488
201215,15.646382
1419596,8.759346
120255,9.548656
726246,29.084764
220900,22.394302
1382754,14.341283
811178,15.9100485
772474,20.505985
892096,25.567898
1033568,18.713501
538496,7.3518
1142183,23.792059
1277844,59.04385
988692,10.386885
543972,52.65691
652869,72.58677
215022,11.616652
1449669,23.446089
1325941,21.482
1137817,22.671072
1385176,27.192392
985691,8.865245
1092569,18.676878
11202,3.8372939
778647,10.718946
698592,16.702864
755832,90.318924
175016,53.307625
65574,5.569366
1280181,81.606094
537476,6.46344
1384031,11.75
1368489,24.831953
220607,37.47556
503333,10.940115
482476,16.167078
1452099,15.003231
1324201,12.051903
1282305,11.770511
290313,4.1342087
1124295,27.42288
1186121,20.293068
1425819,45.18244
1161942,20.165934
508125,19.446432
200216,7.939198
453118,16.859123
1334869,51.15102
371174,20.695034
1175436,14.5787945
681694,5.543583
517431,6.0893173
504131,16.86943
617932,22.120224
937953,8.027723
600382,14.529435
1458617,17.122791
1444126,22.19226
676806,3.927276
102119,14.626984
281473,23.631239
625837,37.569298
1196088,36.87197
1032618,19.126848
189998,6.023398
81123,10.429421
502881,42.457497
1111788,15.224611
95526,19.302889
47423,13.99295
1048405,23.34751
181983,15.030409
1436510,20.821007
1316533,18.0165
1431174,12.997922
825159,19.38765
1011914,13.54586
526292,25.584093
1221645,11.6149435
1328589,37.834328
490296,12.678401
1319312,17.427958
844737,21.612015
184459,13.281012
367272,13.072658
1176000,27.8154
1076098,13.120317
277642,5.304461
1180163,58.053963
1142516,22.053604
248541,8.575527
25244,42.830273
103732,94.71232
1016576,42.771603
386510,16.349478
341820,37.121822
1411958,92.12109
151131,27.23795
967823,20.587341
343180,10.780414
194618,51.96944
782364,36.079803
666682,14.266084
24768,5.6273937
626616,10.357496
655955,38.803467
1074029,26.149242
1456081,18.731735
964114,19.03367
818992,21.47834
542654,9.047486
407201,16.183979
35833,36.846615
478755,27.5539
1267492,50.481457
70706,37.480183
599029,3.5106487
184829,20.535755
1073049,43.418175
1302882,55.478912
1109666,70.23719
1067692,24.865528
422544,47.832962
1352339,30.605669
726458,32.152424
361623,45.8483
1420647,13.647469
24443,40.933537
578960,20.355572
1394299,41.788002
905205,12.451705
27977,16.887444
790277,9.796949
865693,9.985513
42390,3.068273
1338375,27.957935
283804,17.239033
722016,22.154156
1043998,12.158863
1091229,42.87436
205766,11.788521
1289495,74.616356
1030510,9.669022
1103106,30.682932
1477536,28.323978
1411897,22.302353
1084947,15.3677025
406865,11.677893
889544,22.145098
53717,11.084911
225006,25.377798
1390633,29.1631
527207,11.119452
1234519,6.304128
1175854,33.19814
604631,23.293068
1408946,61.966866
950469,12.655461
646751,22.62982
1453558,7.5330076
634135,11.259938
714447,86.45915
198117,69.4455
719415,9.267605
256117,51.19589
1442695,99.76879
701499,12.079073
303577,51.9428
398250,8.023054
949263,15.760199
1371410,9.141993
1127536,71.466606
544650,27.460548
949884,35.993767
1368488,12.708244
413620,10.181436
1258985,22.22907
319075,15.972834
313491,8.695929
107452,32.830322
904081,40.029236
120776,40.081486
1106205,17.710659
1290118,18.391026
626612,19.143253
375460,160.79651
1103561,12.652997
1448986,13.437957
709941,14.351971
630696,15.77607
900360,15.4548235
313812,97.06307
775970,31.39546
800201,18.795885
958740,11.49473
128215,21.958878
886194,20.67409
98522,14.326462
578191,10.753154
1014878,17.071085
933935,51.462204
568633,42.891163
1315941,118.37934
886793,27.638435
1066711,23.342598
1200844,11.031036
15046,19.479149
242213,23.390427
235381,12.68842
1426587,9.771816
809133,43.892662
1274083,17.834593
319517,18.119074
460697,14.403784
1344002,9.53682
359256,29.334005
252241,26.35863
194297,7.134074
792875,13.017342
65320,34.84424
807351,62.88018
1142905,10.111715
1389975,14.096807
684736,12.920128
736038,27.508583
662252,26.038544
1419683,9.970798
7505,47.629917
913677,26.123869
577209,31.712748
175084,23.660477
190179,3.7232945
1351599,19.012665
21435,21.692577
1154588,3.0479813
1237354,9.364278
1204809,8.981707
1413133,24.519085
1037224,18.997164
723168,13.374212
689215,43.84169
294935,57.32195
1379453,14.363926
427490,5.7091246
52306,27.275858
1041057,11.873292
323216,16.100145
352306,14.590536
1047348,30.774601
171564,14.404463
409470,53.23801
566769,14.567901
986238,11.029459
1100876,28.396303
1113497,18.985033
945755,12.733446
876514,23.911812
277223,60.425
317547,33.46455
840838,8.156639
34986,4.73913
205963,7.0022473
1280368,15.831016
734868,7.861045
935942,9.799294
840299,48.03738
8630,22.665169
472317,47.15997
885968,8.861915
751639,11.088314
395436,25.82571
1265706,5.1781983
1244972,3.2483115
367879,17.629587
198953,14.684821
747825,28.03542
460967,11.357365
489918,12.636809
456389,14.46505
254674,22.47262
839457,61.62357
1261973,76.83394
1461976,19.37927
130125,3.3539667
375657,63.8837
235562,11.589266
848758,71.67261
1348770,12.965367
1171816,6.742802
562441,64.67301
925175,16.455997
1245567,26.062244
695027,106.49568
1357804,21.738064
342606,11.495409
443790,36.792667
241457,22.585394
1244532,18.363667
617433,10.207718
1407429,52.833687
1262500,10.513588
108100,12.126719
625605,7.727853
672225,12.035079
612734,8.881032
798770,10.481954
435146,12.657122
1441021,11.154958
1390436,26.603027
575934,24.229013
940064,19.110521
139549,12.928511
1001856,45.822807
1255045,12.772988
159804,38.376366
706996,49.025745
1322421,13.673271
822943,47.59325
1065369,43.31464
848199,3.6320207
765801,12.35123
1083139,18.454504
1069475,17.288788
752396,30.795958
648691,35.465824
1299077,14.560382
1417407,9.066496
111209,20.097092
1177640,5.7296596
599077,15.377055
859036,4.383053
1412763,53.491592
675882,91.778175
757785,15.343658
1249525,27.184557
802470,4.826133
923034,28.116562
50251,8.794278
1200880,38.34811
219098,12.452365
423607,14.206045
32582,3.4673326
95918,9.293922
830338,17.420393
1237601,10.834989
1410256,61.4936
424142,14.475614
1154919,8.577349
1390716,12.941168
139079,6.2371063
474803,19.646078
413638,37.46196
726633,20.362162
478929,54.30908
911153,15.214445
416174,16.362007
540910,30.759287
220517,27.180325
824383,32.162132
650234,66.31066
570935,23.011082
200981,3.1798623
777897,41.64604
870364,11.81089
400239,22.506805
998211,15.591094
1001299,28.446001
797896,17.1292
1327283,33.651417
219003,11.802237
1438693,9.020353
370036,4.9422445
113105,59.090736
1481293,35.618114
1436598,27.561172
2113,29.143538
941922,5.7906303
289288,31.035069
643672,11.645713
1458940,20.622286
778065,8.0629225
109712,14.035086
1348426,15.353021
209858,11.784561
724292,54.54377
544592,19.146494
253713,25.452301
1319562,25.780014
932071,35.130615
606610,43.162727
369039,10.788753
666080,20.669146
630695,85.52455
878141,50.82322
624732,26.838583
544068,12.460238
987460,76.02448
8344,18.392282
200737,15.016549
1204462,26.44005
1467666,3.0176775
1263153,22.072927
810630,39.6908
1285308,8.26372
806561,121.7878
884651,23.719631
1326042,15.700895
1024,9.763406
1217573,14.604999
180014,11.114064
950117,7.9648676
1066222,15.989295
1436164,21.881367
672808,32.331127
1187951,13.627447
1347659,86.11785
1314774,11.300788
35040,21.640461
26647,65.87139
889790,20.415564
1344818,19.277912
1178662,11.742242
235271,12.289232
1127164,16.300554
549294,8.502523
583712,17.89733
855335,12.454341
1403246,16.948341
696790,11.112205
115875,75.80817
124091,36.64322
352577,7.2315416
1420930,10.293876
790720,17.334488
447216,51.905624
1131369,5.457445
626415,12.132886
282231,42.639587
569570,107.41185
1363531,11.951413
1372964,20.318851
1272711,57.54251
792199,85.29402
783304,17.894491
383535,25.87565
968262,24.21017
893909,20.365095
1197185,23.949192
283771,9.034815
396432,37.005398
1249780,9.711954
297659,54.61172
717881,9.6147
1293271,13.007971
520760,14.727738
526635,48.254173
376079,61.559906
857065,15.048631
1314294,13.736598
185688,2.908453
1059516,9.767893
1173022,19.581137
1452224,11.098645
1093376,5.6747994
1246047,26.007599
1105241,17.121628
408975,11.991596
1409324,12.675535
1430598,17.138292
417272,36.086468
711344,11.798773
1152319,10.756433
534522,29.06987
1462648,24.146946
557804,4.1298213
337660,11.4731655
706488,24.253887
1397191,15.558602
1287996,47.499763
153886,35.38368
633792,5.7131186
725384,18.273193
1173533,30.155241
125151,22.641731
447294,30.644688
1269733,6.890878
591950,14.337691
807294,38.340427
287677,14.375869
835167,11.530149
1223724,44.244682
1373118,24.671003
1105624,9.923228
379418,13.242412
389643,10.578281
1229745,3.475002
207471,13.872437
1363953,4.083773
901181,36.358383
1012837,24.863728
607333,27.008314
413420,38.741867
2446,15.361452
787756,6.783874
1091565,19.31324
1195164,14.414316
811194,15.440534
757803,16.163124
141370,9.638848
246679,9.681175
215262,26.835443
438469,16.61002
764958,45.10733
1278624,32.271957
1101706,25.449791
398640,25.041992
294676,11.74459
417432,19.482729
1282705,18.197016
213973,36.076946
1454642,13.728945
856702,23.95185
586260,100.95575
1454481,64.31325
54723,24.687956
300990,43.86697
51374,44.58801
1238644,57.913616
1458203,33.36191
1228466,7.607383
482272,7.568376
629445,4.235632
470347,15.991223
1140831,23.828247
1123550,22.09013
163690,24.618805
143055,16.225975
1101542,3.1780767
691257,39.052296
87282,13.6567955
524778,21.146324
317504,29.677116
911886,15.293772
28161,13.727431
127413,27.504967
46950,24.556683
1175262,11.84992
1111496,16.702444
1030046,4.750539
13311,23.358372
684921,9.843486
1263300,18.793917
413892,7.5672097
1450668,11.024565
983513,25.124296
995779,21.737614
400508,35.709995
457416,37.023254
95812,13.455443
1335415,17.989693
1459158,18.302546
608683,108.08082
1316166,31.446987
1468499,29.51821
1321222,11.957853
1313853,6.5477
117652,39.504272
567745,23.918797
1003525,61.02238
1357049,27.018667
447640,16.954046
260842,7.5103536
1446284,9.251586
546536,5.5659556
472396,18.565014
182877,15.31185
252784,40.579323
785949,20.81981
985076,18.200916
1111973,11.77889
938191,8.865712
96330,33.364803
152811,24.730236
1154851,23.577763
759254,11.968763
96195,3.6295917
265406,59.38622
79617,7.866288
1404394,53.209026
1169796,49.787365
411099,13.94616
375891,23.84648
910418,17.22236
834303,40.49744
777396,6.163229
312579,28.650448
45930,24.325758
865062,13.419191
506150,46.16289
325759,14.035286
341855,12.205044
502105,23.35972
759729,103.6465
179262,20.761286
647977,13.80334
648073,11.309223
1394223,11.771668
196898,6.335688
1139888,38.35584
13086,18.067429
1030238,12.286203
138155,18.190847
809735,27.917988
587606,18.661873
979024,16.447721
397144,4.151809
332517,39.727
161082,46.706264
729540,80.16092
35709,15.617316
1242404,8.745024
1438526,10.856953
1241167,14.926188
1228506,12.665633
930409,13.726908
849798,7.6278057
686550,27.210629
1324115,7.8517985
877467,74.98257
1419433,18.565321
753310,3.573101
350792,27.85722
1383504,17.156147
177540,54.699245
121470,9.465856
109624,8.456711
496227,32.394196
413036,32.18699
685427,15.343611
440772,6.113272
1433595,10.635542
572861,49.128403
227157,15.665447
108782,8.385717
1377533,8.760133
1228675,7.6220746
337926,7.6938057
586973,42.81482
682033,19.656197
980641,97.15439
113091,11.168961
1409463,24.621445
32199,13.453824
142674,9.824751
601481,9.261993
1205218,90.39843
791965,22.445696
872846,60.86554
1343351,18.170542
477682,13.064677
808893,23.755308
801623,47.499992
698992,32.221783
45354,11.041643
773026,28.377798
1406700,33.926083
42396,14.0829525
899504,7.1549644
178674,10.474973
1184983,19.324556
1323278,92.816864
838081,12.7490635
208622,40.539944
1005259,17.414236
948968,20.62675
168156,35.013573
1467817,37.393364
551357,78.498955
379230,19.47296
1407634,10.809559
1087178,11.730894
602323,16.018053
399855,11.994263
818744,11.744107
100433,10.133317
426682,11.2204895
882082,28.094578
1244642,10.951108
665992,18.40572
643232,122.21649
140668,19.47186
547014,79.03224
1416794,7.4411907
1048225,13.064792
995153,51.065235
1374464,32.37343
825454,31.161386
663240,15.314681
480670,36.730053
1329307,29.448147
1061913,17.943264
593309,22.441235
1076323,23.000916
442131,11.661612
409103,22.208712
1390747,47.189075
416976,17.07669
338243,38.74813
1045240,25.483955
752171,37.419193
64784,26.781422
770747,4.6766386
480836,11.106944
859023,19.280422
277864,9.672004
5997,6.8040915
872122,14.054721
677203,27.166513
1444788,31.79877
1304239,9.393948
150782,22.523043
468658,31.23765
34517,7.7015715
16315,12.090029
1279061,39.948055
732622,10.672538
360164,43.770008
584076,11.822013
749241,12.446388
1365150,54.142517
281063,7.7084
45975,13.343532
919722,14.812569
1241168,19.881407
259431,14.011252
1092648,19.497047
1369148,16.24954
820452,7.090223
610791,13.078429
192031,8.385597
1292991,17.2764
420762,11.76474
840381,13.928688
964742,15.896733
656075,5.283914
973626,100.475876
885563,15.029454
1385860,78.58592
1303999,17.986935
1367732,5.5833297
48208,20.336731
1297949,5.9769773
953800,26.578918
1470044,7.635385
932827,12.876884
959864,10.67803
110110,30.191154
971557,44.954475
233934,4.2797527
1035149,6.4577622
941260,37.11715
338146,38.274487
386922,12.092017
1058409,15.142569
1299201,121.199974
1198635,17.188496
374377,20.985582
107787,46.134666
941388,121.84883
1197382,25.871862
562892,22.956987
597590,85.38839
398634,33.959396
429580,8.006303
1430064,8.562083
838361,14.589101
733286,11.289474
357964,21.225883
1372320,17.093628
1469045,15.083155
587321,12.532119
1135497,17.255033
498969,34.329666
635943,24.453848
23860,28.348928
36089,16.44852
543216,13.303307
1002777,21.067095
952228,45.41315
554097,38.035275
1187008,31.357937
390693,9.100292
163954,17.725615
961809,9.486129
1105890,32.967964
511384,9.035641
296055,27.676088
1104679,5.7988195
739464,12.434032
192598,15.01561
1139463,102.347275
984388,45.529507
1224176,52.343456
712836,32.22213
303648,21.84087
620273,14.521736
1269167,36.123253
1204411,16.29713
1301924,2.9336176
1215807,14.91279
1121132,19.111034
740421,29.018053
1300496,9.19355
440138,10.917902
1032026,10.17004
1420617,16.697985
1415052,3.9820528
784454,12.7638035
180207,15.527747
1323807,11.609437
103262,18.951813
56967,15.426769
257223,28.701199
1162990,25.425997
1435570,14.928873
1476083,26.83683
1135508,6.4792867
374462,28.878347
181775,18.21242
1057295,28.968897
13682,11.063355
915323,14.765187
988524,11.523478
824268,88.41305
377952,18.218603
1475978,14.455396
1447235,15.187167
904209,15.635956
377478,13.277484
326454,7.717353
636672,24.086039
538135,19.245604
1288824,7.293506
1458647,95.29815
528051,19.764893
974689,3.775568
1370986,9.65089
593457,21.390705
294048,31.681705
276130,15.38775
89716,30.832289
1066189,40.866436
779241,38.269714
320606,7.0631986
518171,24.575706
179326,5.8396244
1093670,19.726145
1332293,6.386151
749646,23.12651
808688,9.392898
657091,15.456303
1233891,12.270909
267510,40.155003
1282674,16.899435
519607,131.24654
289412,3.836997
334646,4.3869834
750541,21.689407
1174408,4.674014
1394917,9.643092
1407990,25.273827
696628,5.9878387
144626,11.512613
1471021,45.37606
312028,104.59764
785438,37.462543
751392,12.216263
765461,16.33555
589306,13.084956
953174,8.437927
1239457,19.33236
1295144,52.873184
757172,8.395741
1004250,11.928268
640795,15.902995
1371530,17.64569
1164854,25.060377
1095421,3.4033735
248471,18.270832
1120526,19.333261
185974,76.926926
1194935,51.642353
145017,31.67714
843296,15.950102
716422,18.423054
368644,25.113205
808093,90.317444
1079230,19.19814
1177813,23.174986
1295437,7.7211113
509094,4.445617
289861,25.57239
340799,15.642899
1206018,10.777611
699235,53.012005
1216781,12.837447
1241343,25.997194
1115283,29.380993
1156195,10.5961
279472,8.571729
898283,11.600637
594714,24.9801
1410198,26.138474
509368,111.48821
356489,17.893852
966516,193.64777
1279695,12.891334
834152,27.567102
930047,6.2464404
1008009,11.674726
806743,12.198912
1144749,29.850552
474928,9.539245
323311,12.941341
725337,14.948357
1391251,44.437233
1034776,54.45464
1321616,11.6242285
84172,13.254522
1060179,24.64392
252284,6.550999
955312,7.6671576
707869,24.864084
682009,5.4106984
1209772,13.764388
20711,26.93754
483891,24.521574
169656,30.018822
1009457,62.16718
820658,5.9899273
1141446,7.6025944
419394,8.393943
986974,9.811228
499685,6.607374
656487,15.568949
1436871,20.747177
27550,230.64449
502134,21.1215
543045,11.963199
791345,78.804665
1081116,35.124363
654624,35.740414
667840,14.699962
637385,14.518613
390363,31.77778
139945,37.5923
744806,12.465001
791331,10.897087
1025867,13.159315
404351,53.71963
1034883,16.201777
13158,29.468075
3638,11.4265995
1004359,23.203863
1018200,19.673388
1222865,27.948637
1260982,9.148814
751985,18.434551
814670,15.578828
1023481,5.3500085
686676,14.831997
325043,7.250563
566729,15.105564
829364,16.095047
1070346,4.3833117
183149,10.46585
598239,11.39329
1226746,13.857052
667377,7.827061
1432930,60.004528
762307,27.824717
1357554,32.34662
1223011,9.655036
1194894,14.3843355
61586,13.583783
249135,13.831878
1366760,11.412854
1457182,26.133163
1042788,15.98759
1356217,18.140583
295894,16.417978
980830,42.2302
1418731,15.917678
232697,15.294491
635954,75.44848
382363,14.924351
1221679,33.906445
569871,23.656097
1315158,20.494421
1275002,27.587448
868288,17.038902
615069,16.647165
406561,11.474585
272697,107.98713
1000331,17.047613
1398502,23.457178
971917,119.47002
763736,9.977234
157456,11.881932
1063571,28.83499
350741,37.527664
1164414,34.140114
883166,25.604897
275106,13.575747
976931,50.234165
737455,9.505876
988769,7.979352
1442124,23.933125
217299,17.099089
407532,71.72717
106015,4.0493116
1105800,9.726362
616456,32.38718
545023,7.1777287
598150,5.6699047
750034,11.880173
1038096,12.785406
13822,8.149672
325849,44.300854
930808,57.641582
396465,10.652171
749753,4.7011256
1190802,10.789978
124118,15.358901
628060,4.57523
1217231,60.15913
1007076,15.656272
294979,34.19802
139196,17.56892
584771,15.514421
723108,11.753113
311652,14.160849
1382160,6.177937
95424,62.34641
1187752,11.6169405
544313,17.325525
1424356,3.1018002
1142485,16.04467
1036780,16.030226
961889,13.378795
1417998,14.913022
1034922,4.9795585
541591,22.459026
961531,21.629494
581118,21.341433
169319,50.776535
405337,52.941147
876410,18.681833
1005951,7.080022
149252,22.306364
1439666,32.088287
337052,8.817098
860106,13.60432
286100,35.112373
382149,32.348446
338006,80.3135
526609,4.6182203
167963,23.606352
653340,30.125025
812915,14.835598
339667,5.6269364
979551,41.66276
221105,17.705877
210833,42.947517
706552,9.998498
1128159,16.776142
1175831,16.788628
461997,18.95699
809495,32.545853
725424,25.729359
106830,11.496551
277908,47.19205
1474613,12.315051
1177601,16.204775
1323348,6.1633267
940911,9.791965
1029354,32.40516
232000,24.377493
52610,20.920198
1319934,8.616462
208986,23.84121
142820,36.523487
426659,18.981909
821092,22.891146
435791,3.2514882
906241,29.411045
1043701,18.616842
504823,98.56688
37250,8.011275
761125,38.211605
528514,74.43809
1241272,24.842098
187674,7.0447493
73850,14.772605
773885,11.77854
346587,19.783337
1235961,28.994022
1410349,3.8780308
1206648,46.933533
1197445,8.980267
111412,11.884408
1435372,5.568798
512359,5.107545
825835,9.866755
1357752,19.547611
965640,21.141487
339095,85.55881
729930,20.773844
422949,15.873899
454950,69.143265
367002,10.167749
1357831,13.00118
1126694,5.036812
466847,15.341897
1374518,16.075356
1027770,16.97379
72187,5.744175
1328337,7.9161677
45384,13.91444
426330,15.487394
783451,5.4945073
512966,3.4535332
877117,8.103637
513167,18.83998
823801,27.379177
276584,13.017612
1253344,37.57098
315861,23.617418
198168,13.250903
133647,48.89183
922352,66.79871
471737,10.500502
244573,13.633865
1335298,18.196548
945192,21.660965
1365030,29.423273
1446134,19.713873
1282322,13.284199
348511,5.068575
1156342,10.454718
83959,161.89337
205084,16.653936
519370,3.6839762
819353,13.565117
1447995,65.45032
1300404,16.415026
541536,107.353966
327647,21.782404
52161,15.026745
460568,13.320828
872424,34.297226
1474797,70.60578
300478,8.052659
995284,16.381075
811403,10.719382
411505,72.59302
221882,17.464935
1030974,19.873926
871787,14.421293
1174483,45.761307
768486,11.946075
105190,10.381101
1463716,28.586937
704367,28.252007
312955,4.7627068
242350,24.52141
1257226,38.22417
1076752,12.319725
1262944,24.152672
726400,11.4339285
890947,18.242455
931031,23.16674
1013692,17.749031
901698,16.028944
329784,10.535595
1184069,5.5007176
1078783,13.120772
304197,13.107507
975908,82.150314
816893,15.228496
564415,17.210693
54209,15.386108
186372,38.64976
102009,17.430786
41122,11.450772
276251,46.159035
331566,30.183407
728983,9.67493
737103,5.310185
194561,20.153482
1471714,12.538977
661180,22.544868
488497,17.515583
1310776,31.884016
977473,17.452345
261384,13.933943
1346252,17.664011
1213678,17.332588
1468813,66.63555
755077,11.422455
1363487,11.668913
583626,9.162319
1221544,42.395447
275812,3.6038384
634140,13.5157995
79412,16.767506
913630,10.695531
257202,24.162424
801730,12.951163
1431688,7.873785
1056016,29.649855
1466192,15.237826
525944,31.23014
131733,13.711965
1020842,11.3141365
816675,41.685715
792080,9.377155
891726,15.78644
1323582,32.02882
144921,9.373922
157338,36.89515
1071439,59.138035
347176,15.037611
805600,20.460287
26379,10.946288
1117313,78.740074
647304,8.964192
279464,7.8383064
926577,35.276264
1278616,19.027729
430953,31.576109
577448,14.866073
771382,5.418466
494723,14.959828
749062,4.827845
311431,8.247763
1166872,5.738505
957486,23.362955
99414,12.545564
911499,4.5472445
218611,51.045452
325827,10.330931
978262,44.73621
571706,15.296996
254960,15.024532
38533,13.105852
1273674,16.590403
275587,17.192923
394629,23.226707
449730,41.83563
1279563,21.69024
718154,2.964173
1454952,58.829388
357411,5.5689554
882569,4.691341
625364,10.215606
984666,10.955685
242513,33.704082
1258195,44.001526
342551,18.156658
398397,16.900242
1255927,25.786297
1042818,11.228353
395009,12.805041
1178354,8.491646
362003,20.42803
1421978,15.6389265
202700,14.554826
121664,31.576761
1445739,29.423904
547592,15.324428
464680,29.634256
734334,15.398134
533697,14.491287
1148287,61.30074
622242,23.39721
161120,40.214016
1261908,13.891047
822976,14.810522
493251,3.6004589
428022,5.288929
1000406,10.106092
732058,10.187092
1007880,9.570817
1441112,16.030962
241768,29.830162
706658,20.005354
431014,15.622539
954171,26.956543
736628,13.71475
336484,12.803643
437796,100.32627
407160,10.758112
1347731,25.283632
1105136,3.0513377
1186114,20.71138
245235,34.562916
615364,43.43293
1185337,7.960062
1179489,17.578043
721657,63.570305
35460,5.6144266
1253200,15.1373205
1418892,17.563276
1146134,14.021688
674563,4.5221934
148530,9.699669
1399343,11.792976
1149925,2.8010645
666651,15.238895
365171,9.101598
840917,11.594934
1224238,33.884605
595388,8.3631525
1459865,32.218323
477622,3.1296153
734964,16.72261
1303399,10.437384
1475487,14.704454
1161368,32.43123
1151570,4.690533
65726,25.301353
178847,26.95839
1270507,6.9217076
118449,10.918021
1276030,18.459719
342194,10.563673
44154,14.693784
978482,17.926105
406958,49.38823
1434412,24.125797
233358,19.258965
155574,52.048252
482978,32.202793
1260072,10.798322
272108,15.163796
805443,17.087946
842920,15.576899
964725,25.174883
1210594,14.828064
780224,3.076495
490274,12.695422
976155,21.615643
955243,10.432882
251599,13.276633
1464136,11.470718
79546,88.28953
680340,50.088585
232442,26.223394
1049836,40.755157
1295631,32.835567
1257259,13.423527
887346,19.750565
1174434,17.093567
1122573,9.939022
186177,39.71369
1447357,19.501627
1384937,27.719687
1073807,41.412796
390778,11.031966
1067569,12.729868
1070019,8.013619
616326,18.402124
345844,32.02771
150507,47.457413
144788,22.08909
360207,10.594206
12657,17.557634
824598,22.671291
76105,16.897942
1334162,11.4518585
1230647,7.0808425
872802,10.005683
1203526,44.915543
1111064,18.040123
215352,9.779529
1240685,34.551987
1072838,8.93231
276791,11.495007
550709,62.88801
1424485,13.352583
1418571,20.335062
1301917,17.15516
989935,18.569118
208588,19.283207
16147,20.31218
1007344,4.1606703
1169128,10.247555
1380200,26.068026
270961,11.865702
1205761,11.090439
532679,64.435196
548452,11.663921
466695,19.981344
185422,28.76977
1063056,7.807471
951939,15.712395
872678,19.584406
919580,62.311863
590016,10.909344
1464428,14.194455
1408300,51.002438
1318232,16.354044
287479,12.851481
328516,16.27502
564071,24.65776
549546,15.329235
728900,20.049065
832,13.151509
699629,27.585083
1386153,11.903542
524683,8.275548
866899,38.160435
195314,70.243515
1376892,16.943579
1079895,13.33208
460375,19.120247
961489,49.0406
493175,46.143658
523643,11.941851
1031311,43.26972
125356,19.974382
149043,26.0291
869596,10.639782
56155,26.120525
1266667,9.29072
1228025,29.833933
291125,8.458932
1161772,12.134521
1431426,21.791754
1240752,81.8295
445773,31.116177
1160539,27.242737
670578,23.432112
879005,31.553865
202618,12.370483
1249781,24.145214
378180,235.54385
950081,15.187156
1226592,29.126825
1252993,6.8196993
1293731,10.390145
965840,113.33884
436550,11.139647
1348802,12.995852
560762,7.5697184
1140148,12.291495
81173,19.313822
861169,14.133933
495636,35.833496
1390031,16.816042
962315,29.281206
992172,27.81496
1010340,42.42604
554657,15.844781
927075,15.247659
870619,18.702126
242242,30.79062
631816,25.493801
1213957,17.198784
1161846,13.411767
289696,21.21807
1175751,39.773228
527859,64.63147
482285,45.852146
993053,10.605005
1266744,15.665086
203932,5.5831833
598384,15.661204
1210376,7.344097
394951,17.821861
1457662,25.788359
1076317,10.909324
991176,16.652338
793441,21.357439
406277,8.732685
842049,15.989263
222556,23.352995
157400,13.515353
374472,17.857111
1353735,25.238121
1186019,27.989296
880778,14.482887
1323153,30.711853
899652,18.706367
70703,14.286983
1270188,29.59606
1289569,57.68276
136573,23.523104
79952,11.293227
278231,16.26818
1172991,82.87443
394867,18.65241
1261680,34.489006
1306633,42.343933
75120,12.800355
1474684,12.628953
858630,29.765436
649260,13.416915
1318095,12.519139
817040,42.434616
749255,14.259694
981841,35.533943
948306,26.570189
490132,20.458567
246982,32.70661
1257822,17.785238
1052033,11.239326
1025830,28.758478
364922,20.178482
994062,19.449675
287138,7.8862357
763567,5.8432727
1399710,18.393568
831922,12.548406
607476,65.005264
574204,17.477522
1238132,12.051054
100004,4.727181
265061,18.60829
867234,12.808419
1186892,9.836921
768801,13.273502
1453471,16.92927
904426,8.362166
718849,6.2663116
731431,13.977944
778697,14.954498
1240203,13.114272
738749,12.2388115
1253240,13.6989155
11463,26.945034
1077412,8.387976
426316,7.118141
919065,16.915617
1191720,17.772684
120999,12.6551
1312983,4.0931363
122510,32.92911
847991,22.975758
770581,27.923243
351048,7.5626516
1107554,31.610472
400898,6.1764054
950445,38.273643
140796,48.73307
208808,61.786076
526864,42.65036
85093,20.562096
828026,13.951121
1265446,35.32214
632743,17.22133
973920,20.85574
229310,6.116368
85633,40.58995
1231059,9.341866
798775,10.949057
1092632,8.532203
896973,14.529273
1094490,9.702904
22467,31.850775
923634,22.98682
183595,5.0200176
473531,12.512231
988893,47.01495
1767,31.2197
874246,16.416666
2604,9.381084
301369,12.2261095
1412171,24.238573
1150274,19.208889
27573,19.315367
1223419,49.15586
975467,17.187294
1480045,60.26444
679069,11.215412
1472255,32.348137
1255802,25.350374
1360534,24.80891
1303249,15.183139
1454278,13.364393
528529,28.697964
232621,8.448092
1425324,4.461835
222848,19.368963
505863,9.340682
1203968,33.767406
1363006,37.656025
1428159,24.980621
178282,17.458204
1190845,3.5076752
447028,15.790735
230169,16.92
1217689,19.432467
214070,15.441219
1016275,19.571503
468380,19.181917
552860,9.311078
96783,90.34618
669376,23.918594
680226,7.4963446
195678,9.639396
1205619,10.906161
201139,17.386845
691487,12.645268
416506,76.06402
152448,3.9583826
69644,6.7605867
1186578,10.607131
811998,33.657936
552358,19.206287
611865,14.983804
3157,81.89177
284871,6.8884835
1352683,6.044084
64283,45.63884
639184,40.172382
37476,33.007805
315823,19.19574
311936,10.5510645
643811,17.928041
219645,38.25175
1313680,12.673471
533924,3.933369
1006005,8.421412
669595,15.339509
631149,16.258759
496470,37.5071
794704,17.205225
874826,14.438783
354433,23.550272
1015876,37.634796
1051167,9.731412
1453504,18.651154
1339006,174.37254
1361911,55.870716
234925,142.96445
999772,23.093498
220896,82.02599
1134493,74.62855
1065862,8.097464
757099,34.600105
321853,10.181407
1251336,10.878319
1226504,14.831012
1397846,25.096077
738670,73.7668
1376321,19.510168
371748,12.019472
503780,24.434855
726865,25.58578
547839,31.73204
493112,104.115005
951407,43.5901
142325,31.131136
1245311,5.6734834
139179,33.866627
1237141,18.527458
813654,29.918457
125908,15.327541
811203,25.38529
151080,27.390093
1187925,132.73264
488202,35.87257
1136177,12.987186
1017573,15.728548
1242410,13.612491
1426162,19.631557
1394141,22.459959
324703,40.378677
996157,28.35517
26900,16.07089
1419724,7.897843
870225,7.3952494
1207630,14.551496
765107,11.963653
74440,16.969076
57600,15.261416
71763,5.0035324
434241,12.294813
356258,14.18887
741361,87.778885
353153,107.04297
58563,79.15725
641301,3.46496
328366,15.907509
1047352,3.9814494
219202,14.144928
60495,16.38694
964837,10.324641
599390,15.286754
372237,19.093134
399632,19.132666
395274,19.607544
922041,45.874355
1040459,32.12686
533393,19.066496
196119,41.525055
1341105,96.27767
86664,12.305468
610898,4.459355
1282369,131.9211
939161,17.491407
288392,20.903194
1202511,18.902203
948630,8.469158
1143238,32.202557
1084170,21.951418
1066309,6.300942
605149,14.035025
812678,23.630844
564545,58.077705
775076,10.28945
413183,11.614613
448195,20.05427
625259,15.779406
1308732,20.123465
81534,25.971918
18162,14.851826
321984,10.622627
552674,34.931866
1104593,32.493282
617368,13.429367
584153,22.084175
47750,21.811178
1444366,23.857792
459987,85.021065
845846,8.991249
1305148,17.131102
1404446,19.338308
908577,24.385044
724853,9.771672
326284,21.578335
103143,11.72687
763389,58.527344
40253,13.7354355
778695,25.712278
1118965,23.82228
865088,15.118121
818797,6.025201
1061300,18.88013
1219418,22.167374
240573,35.19257
923925,16.482367
935461,13.052547
702148,21.314577
304729,13.584041
761437,17.627567
1065166,9.110245
1018265,17.642317
173730,20.728733
273886,22.523396
1112831,10.396181
574112,15.245029
1196994,4.1487875
58507,18.29691
315006,16.960913
728512,21.91674
186295,53.573605
940554,4.080301
56986,31.53242
885452,65.34726
65829,14.78301
231348,9.039245
775808,34.450256
155238,29.547014
1115934,53.30597
1417469,33.439022
693351,55.510593
300666,164.89267
812969,7.8511252
140334,12.6229725
410839,76.32919
1090286,19.692747
1361243,27.584913
1239795,9.833335
685415,13.958879
812670,33.3763
1291341,30.518446
788358,13.123833
848838,4.3812757
1141337,18.410059
1040128,11.340909
1316579,14.2858095
1053989,15.1972275
27531,10.209005
658725,42.14949
1152927,14.607454
18735,19.124239
714176,9.442274
121318,14.043071
349492,10.308084
935884,11.326847
651869,14.421904
1140196,10.711782
83069,11.302075
1459674,75.676796
1105179,17.037144
479880,15.602894
857251,9.4603195
602258,35.680588
560194,18.25873
396030,5.592105
802446,19.898426
903780,10.559955
1362872,19.916904
336206,52.871746
540904,21.102142
803795,10.064153
637919,20.792915
435944,54.123512
1288153,13.848695
1133935,10.399472
234364,82.84964
1427745,118.06349
1172175,61.333218
1035930,12.038719
474379,3.254551
1179085,17.19799
284966,42.940605
1144121,136.28506
955562,28.63938
473449,14.648361
1071260,19.37201
1051534,12.891178
857754,16.257051
243080,17.420437
1282273,10.825297
494345,24.603014
408927,6.0987678
1289087,18.831764
321977,15.3533945
71742,31.454275
1022326,10.667182
1220764,66.789955
661251,11.000521
1303218,25.144571
4314,22.62003
1336238,17.21507
1361096,17.754826
1170392,7.665145
635395,19.470724
967798,16.435865
88363,28.000038
763398,19.695076
1403888,129.214
1172334,14.936106
678938,21.012163
1171605,39.153263
1000688,10.425416
424910,53.797443
1019105,7.88663
561149,21.39388
101162,20.249342
1231764,15.477056
743991,17.012085
67166,35.4459
498338,17.51829
1324798,6.5753655
806644,16.766481
535434,106.93277
68671,9.694673
1464851,22.518673
689847,6.3724117
203204,14.982824
1023603,36.538612
669335,25.113667
286880,8.888621
1219001,15.951052
133729,13.653588
137260,38.601116
210456,58.53751
497492,10.020736
258165,8.752668
1085613,8.510777
682110,20.631882
1182528,15.159103
182236,27.93169
1079322,28.060595
720176,19.574406
1223702,111.036995
20422,46.815502
56381,49.095177
223221,11.521519
1427311,6.877399
254767,46.780766
505133,4.8440657
639556,3.937627
1302403,12.489072
1068569,25.072395
715313,12.653229
234089,35.72483
125638,13.407809
193564,16.147705
518259,10.673721
1059859,32.298355
805939,14.8382225
879069,9.01903
680301,5.7813525
112448,83.096535
706429,18.72209
521761,4.8990293
651626,10.9335
987034,8.365195
596294,19.417624
1159803,39.41464
1430104,25.684456
43066,126.14247
218938,22.757973
583759,12.075624
1121594,8.32969
224807,29.89565
1043529,13.736788
1057319,14.040747
634632,3.1197093
28655,24.581532
928649,5.228379
166459,23.242216
493402,14.340902
64018,24.291655
209307,47.70945
920785,36.30483
393130,54.5643
365744,4.98803
843249,14.640215
892377,26.872911
1256516,17.732021
1006613,18.826582
1256253,31.580156
1425630,52.749302
895330,12.9253025
1453273,21.600248
238910,17.056953
208481,10.939138
801574,11.822945
242253,55.831623
87557,16.160887
1202684,15.496618
1198373,11.962596
516970,11.960034
78112,4.053559
1264239,13.479741
579395,39.130447
1323346,27.168716
419123,6.3512936
93104,21.41371
318439,20.462912
158016,11.891786
786118,26.716467
947462,23.204243
249698,7.762884
22128,9.146044
1133670,16.058733
301009,9.368759
1179230,28.670433
71077,29.77881
1433590,20.407696
310279,15.829182
642452,32.74413
1362952,44.04815
782869,11.863229
350390,29.035728
968268,5.202194
13397,40.040684
1149285,21.602238
1049730,14.458805
603700,31.584078
1093561,21.206852
1289262,10.915362
1056626,9.4959135
708578,31.498154
959926,58.53836
149413,15.70356
750780,16.398422
787145,13.860634
1368638,9.115767
42367,23.790361
205615,21.729462
289991,25.148798
204734,32.84235
171736,15.282471
871729,54.08462
109346,3.393015
1144364,16.820026
156203,20.891459
976640,30.842218
752425,34.564915
755126,89.465294
1190663,20.017908
1259541,9.910794
1060567,5.296568
1330481,18.015757
108219,12.442632
349060,6.201735
120690,15.213416
186127,14.89276
822610,35.247707
499032,31.622602
1326560,23.646742
1397230,3.4939954
1066442,41.470646
1474737,32.81663
767881,9.205288
860937,32.097504
116190,27.153341
318701,20.635641
778111,12.756756
1336601,7.100182
1092361,27.621683
1073655,39.450615
1011085,8.077217
596034,8.557016
490073,31.075666
1007040,7.2852387
146276,34.472313
805927,13.5106125
407519,2.7838485
931350,13.967699
1294247,13.506842
1242496,55.992443
581681,26.572784
1043587,20.691925
1456092,13.291478
202081,15.195814
1457383,11.58619
1034513,11.475021
275421,8.854325
377061,8.737724
1113416,11.985449
928095,28.035572
1400030,11.471649
1378483,13.768384
542742,8.898722
1085625,26.928802
967198,9.008167
1257108,28.853504
640944,74.319405
45228,48.91841
452940,9.600568
1481773,19.31834
1352645,21.155165
753599,7.2618523
968965,12.5982685
1217500,16.939438
839353,9.733454
1016369,22.305147
614688,3.750988
1142815,82.70989
231260,20.605228
191809,9.019293
208342,23.353594
1154861,10.289735
454873,22.197828
698163,51.161156
747113,27.332752
12176,12.817699
1441427,15.261553
905704,16.540005
1297769,14.439416
1141063,18.939491
1343580,18.714563
1084512,47.91942
46378,19.89161
63630,5.4328713
1420664,5.350926
393746,9.682731
1076965,8.005517
1121535,4.483232
84501,65.21559
1001598,25.545742
295197,20.161352
592189,23.791101
311033,9.578446
921097,56.973396
1302762,21.41223
743077,24.079857
328129,13.498968
552591,22.717068
415904,48.622612
174454,29.276945
549761,25.285337
1455061,14.949634
255184,33.719875
1275815,13.920152
84389,69.167046
607134,73.88962
976068,18.164255
1158051,18.41185
1126971,28.955418
1338292,15.124359
457595,3.8942268
1029138,13.230675
1413671,14.9967
172619,3.9644501
1266124,32.767147
214716,10.330426
590749,26.606852
229019,4.237288
914820,19.81979
31795,9.78321
881910,16.73006
419007,15.427717
731684,6.6049585
682615,21.319923
884914,31.905897
317953,19.485136
656195,14.987169
377724,8.393043
1182567,11.772067
893556,56.978096
1174255,34.090485
203271,16.65605
190745,6.8446937
221450,18.696564
1318354,37.022457
409505,40.01884
757833,21.528053
458651,7.5630355
898022,24.103527
790556,11.987597
1412252,25.608252
311618,44.8836
1437616,8.924574
1174800,10.30145
1372729,73.33649
1430096,11.318022
1084448,10.604513
325053,21.297564
1371583,13.445507
325031,5.594125
201270,24.378376
1440482,14.764999
832462,40.902855
58310,37.349075
419448,47.183205
1004356,13.345604
1186747,11.397781
1467959,25.015865
1316485,12.7071495
911751,11.866238
706016,23.754725
118639,15.793045
788955,33.252827
7355,12.678208
1253660,10.064656
1201472,14.123401
170513,8.216261
243494,23.49285
1274282,9.9766035
897339,4.362659
434638,6.9369016
104803,15.15254
263766,8.20689
184148,10.138861
705491,20.468622
1375419,5.091856
377732,29.896358
203230,35.41032
7182,3.3206103
618505,53.292248
1065680,15.160784
245637,12.75147
1026199,11.539064
1422373,16.84189
810983,12.547579
161361,9.869141
1043384,46.089264
643522,13.765729
727560,19.240265
284811,7.877562
894880,9.832069
818340,52.464226
1209698,14.819409
827970,9.006447
759146,15.348997
852833,58.590706
851674,46.56793
150291,11.555149
993439,78.67345
571880,9.069586
1434289,28.988089
39422,4.481706
793741,26.007444
327579,15.723504
1461452,35.922344
170907,122.878075
1339991,43.699722
988507,13.900966
945380,69.614235
1319270,6.2366424
1252366,14.753025
162002,29.582314
254801,11.569571
585798,7.5440454
837568,27.113203
466473,12.858967
1440706,3.1428323
855126,35.35593
1466312,36.908386
91723,26.582054
194901,10.157112
518130,23.543688
13056,9.273906
1262940,10.354732
1147068,17.421473
323223,9.091247
1480291,32.309128
104467,33.409023
1130485,6.329262
904926,14.119259
687196,7.514433
877093,11.193649
1208397,82.15868
462456,34.80774
1246077,16.271479
768644,25.095331
998904,10.130862
975175,9.107522
1246329,28.88248
512958,14.18273
404825,25.13955
1194205,14.893772
1158490,20.816475
1002663,17.759325
65824,19.873955
435595,31.654024
28941,14.88596
1437021,8.770395
312526,29.524832
394817,60.96509
281859,46.42016
846274,28.788876
1377213,22.593138
618207,21.59625
980030,7.984425
448859,26.746788
1060051,49.66995
737958,49.36644
1417773,23.302637
397093,35.17295
1106980,29.403107
1064854,17.031507
1259119,14.231422
479900,14.717392
931301,14.349559
41684,6.983193
546206,11.922256
755700,15.942272
844988,26.390217
912751,108.584274
38315,34.262463
748016,5.7046475
1397841,31.052336
49990,42.63967
1011229,13.748264
503654,7.2346745
1421765,23.437634
479863,72.92693
1454146,12.74774
886857,21.985228
460855,14.478783
1397310,23.55606
602299,9.261969
788399,17.812368
1163041,136.36534
664585,10.144548
66563,9.710289
596203,53.0213
486200,12.511368
1133124,23.970896
437747,18.92466
1410602,13.63895
1007088,22.908382
1187070,11.739969
920647,20.190756
1272783,20.003592
849822,18.867958
1010341,16.570873
118722,22.6468
342676,8.160917
136319,7.3448133
1080303,53.05088
842642,30.11431
547268,26.958902
1202676,6.3854237
751653,18.423212
861809,9.956977
1096859,15.790803
724245,6.7237654
422848,33.5905
680655,11.086784
1288086,18.980684
1392432,20.115208
505820,13.469909
136470,3.6884594
367282,25.624535
594566,30.008322
1289208,30.406542
194691,16.18596
793944,9.954002
559317,5.1056976
719911,15.727069
264659,46.73703
485209,2.900825
1005728,15.979499
43246,35.271336
1263192,22.400661
1440262,31.763279
268616,29.272629
632128,9.619383
963449,23.406633
222074,11.316618
983142,3.8468308
1094023,14.8062105
114415,22.056387
860732,11.405916
817866,8.677666
1200482,11.635544
782866,4.3218246
226398,15.138147
999328,9.861274
1021649,6.563689
1168152,4.661473
587280,21.704418
434014,23.980757
170212,29.921156
741162,34.60253
445145,6.6361256
727874,78.295494
80501,24.24298
910433,42.17179
1334044,28.551737
215546,19.822538
799299,5.391917
874276,15.381936
331406,3.858028
1192896,29.290102
947390,13.899736
194117,72.71735
1476655,123.28194
353245,72.22505
447004,59.523323
69498,10.311295
1323562,18.786268
1372050,23.327293
1104809,28.248352
558084,7.239266
1023559,32.46295
25094,21.448895
535050,9.652935
809848,9.972673
994399,26.911709
343185,17.295504
819791,35.047585
645181,26.707806
258800,18.326242
517018,5.474172
680810,19.62728
444439,6.0521584
950531,58.939236
109823,21.059721
308946,23.454006
199674,21.952742
1266295,13.821832
534936,26.720406
585036,18.402319
556170,6.202494
1379291,62.968422
1288459,9.816565
1112348,41.597
834525,29.588139
1122281,27.359644
1361169,58.36498
502126,12.559558
1148901,13.090282
378320,10.37295
349016,19.840294
1321497,27.49932
12177,38.436974
139900,9.128709
1302257,7.511407
61375,47.50691
921813,38.756603
1140841,12.031521
1338609,62.010807
945175,21.769953
324920,26.315788
751115,9.720168
1214825,10.524401
466411,13.3093405
991285,13.650182
236341,20.425634
583427,48.7657
518452,11.14897
30100,25.674412
508154,18.616243
954799,4.3455577
1385158,34.019028
827125,36.113686
1208154,30.037123
1449218,21.249876
1148859,57.9939
1079694,15.277449
206926,10.345112
228945,32.421963
970570,9.129323
1132994,15.668031
872453,4.1384664
422052,8.998951
1169803,15.501948
277618,7.5656366
938331,4.6254463
1256793,21.74973
1109075,18.953762
1448360,25.066504
719283,19.457813
789275,17.516047
1242444,16.142603
1280963,22.918446
1336221,98.95319
883450,8.521741
255508,11.386253
855028,17.605038
550291,6.2225876
1261440,11.270657
186582,15.114767
1444345,13.187636
1208025,54.98998
1022656,92.973976
1332722,5.762963
482585,22.161587
1207131,16.632425
686845,20.009611
1322994,27.606907
235759,24.410677
853633,36.602684
243106,20.310452
712410,22.649658
1205994,27.621506
1468284,14.495085
587203,22.315578
448411,15.711395
1069599,3.412248
592551,30.80162
46794,36.545288
224872,9.521326
127774,42.265144
362623,11.119969
1191318,29.522387
752697,52.307236
703941,21.42986
38720,31.053297
1466204,18.877563
83377,29.170746
672097,29.798857
200148,18.698118
1408826,11.61802
46603,17.727972
411857,38.516327
729626,12.778978
92075,17.560205
705618,13.674509
931527,33.6204
911349,16.042477
95678,19.24446
438812,5.131813
279314,12.787119
1438178,18.370907
1279027,11.660247
821934,11.264409
883209,14.115283
192557,32.54611
17266,36.723846
761612,18.807508
1447602,15.784927
398921,24.83685
646697,3.6418107
647518,47.245636
1007813,33.442257
488575,22.277699
547203,15.875814
307416,24.02568
1100354,48.584187
1145935,10.665664
701872,8.163697
1426928,27.840334
717130,3.5903418
1209508,51.517532
1109520,11.96224
790877,3.2894337
1345581,21.765251
940210,25.23433
134464,16.583208
406699,6.050373
590445,17.487574
175259,11.14356
269054,118.82852
21269,8.731996
614144,32.95012
934000,13.549054
556086,20.235788
942878,13.123028
158351,9.772448
978028,22.577309
1259362,83.557945
1285447,26.433338
52537,43.60039
635966,11.19647
989629,9.733142
930890,5.481934
1082686,4.324692
890428,16.909147
228349,16.251621
506135,11.795282
696999,7.9867234
400295,11.416735
624765,31.484156
474875,24.548489
745651,8.063316
942413,17.943514
343549,58.403774
262930,83.08266
174725,8.524173
1306177,15.099583
1314825,11.048952
503646,99.83522
63935,16.945824
741631,24.213945
682509,26.972479
296125,37.781876
154224,18.254606
462858,16.231577
1432710,23.225489
827913,19.1017
806307,24.879042
850556,20.37341
526515,36.84779
1149616,27.205746
839676,3.8660223
760529,20.81945
98575,15.686217
294499,21.496977
664008,15.1548815
1099307,11.413171
1117856,15.323004
921697,28.064426
328678,29.196358
1008327,38.706192
587480,32.386753
679341,12.003331
1280233,23.670645
1264032,26.225698
985875,13.651782
150400,11.7174
954581,12.56781
1152640,16.861095
81147,11.517668
350959,27.146536
602375,6.171153
771436,18.728556
165633,32.93212
1092660,12.846047
1441085,8.438155
1137450,25.071825
406578,8.787543
98572,155.53302
434473,17.12748
575634,20.604992
630772,13.252779
872031,11.160208
92837,11.223616
70889,38.17646
453469,24.323814
132509,11.172466
151142,95.15435
216656,10.546717
1275544,8.911823
1016527,11.262394
58955,94.30335
751068,45.9184
435253,25.526194
1369456,33.974327
748586,8.723301
792209,12.640936
1475159,9.435208
1015942,13.211843
1111922,21.862581
809692,9.457387
1369955,14.170702
633060,47.97778
382600,91.97796
1250681,8.788554
8363,18.625795
279344,21.19108
625117,24.250761
948457,21.200817
215557,40.446476
302735,16.55161
347893,20.47304
616497,15.634892
1175891,44.570282
3635,52.32718
10156,10.032606
1369907,63.386265
601233,6.6352153
923213,13.434425
371708,18.550573
909218,9.701212
860856,11.873473
189393,11.750912
565580,12.347837
912279,10.373484
470802,9.405183
401193,15.935156
1340009,33.423565
1383860,36.87934
1018323,3.3849235
159046,24.942171
367344,14.966588
442252,11.455882
698833,20.997179
1399824,21.439491
1281091,20.99891
901166,22.075903
760930,9.493506
859807,88.029045
13114,22.849958
368169,27.929083
1112170,70.22242
498340,16.739088
951397,13.550206
1008288,51.207787
499058,19.674732
920695,14.176878
38547,21.140104
284606,14.682155
346343,12.850042
807815,17.967592
261434,8.299412
807934,20.874481
27263,10.783931
578806,33.460403
336524,15.964895
1068462,18.844852
726309,11.747985
985335,9.850158
224569,6.7710333
985139,11.492219
386582,21.424265
1463027,16.487434
865699,16.345453
171318,71.722244
9729,8.117078
1010902,49.412876
291980,4.3744373
474866,11.59679
1349024,11.632779
365961,21.334402
100460,18.502016
438875,32.248478
107719,18.376856
1464121,26.9482
290326,49.43146
1325265,12.855654
865545,46.246895
131353,50.087063
628535,54.047234
1297488,15.534561
473636,14.856717
871898,18.971954
276145,10.264757
1014251,16.267883
51950,8.488684
225173,22.425575
1019930,20.32359
223035,35.44241
337586,39.374065
48441,24.330893
1480130,42.578888
38288,12.220741
1112556,17.17293
1133259,11.9456215
833374,16.52612
164657,19.803425
795405,18.961395
1168658,12.808962
1070026,21.447657
1460463,58.172066
534116,12.613816
627765,12.92124
453270,8.463599
1413124,12.773773
770840,6.0456057
64419,14.130199
1189563,18.965364
1008734,43.116463
66462,10.656934
1466660,15.740035
1183639,52.05311
1033470,17.738462
684419,17.969696
412861,27.928007
846447,15.829102
466788,16.91747
39419,18.096415
1425320,14.968484
1337985,40.088894
789056,2.9593077
343735,5.513733
34891,23.828703
440800,21.204323
165618,16.015287
1366436,16.871109
826060,26.23454
476699,12.695161
1454386,24.141617
1032305,12.296724
544042,6.4838243
358742,10.00139
497952,13.048635
1023844,11.557328
276597,15.070104
79702,14.925763
221858,38.155224
388167,15.016171
662246,18.90881
574460,9.239596
471908,28.908653
738630,8.404673
1313296,34.348583
767940,8.696523
124265,15.726263
632565,15.987067
1334081,3.1659386
285227,9.3181925
1289887,26.511007
574210,13.258771
503047,6.6263185
729042,16.75841
388270,90.53778
169822,53.980183
731364,5.1830626
199950,25.851183
770253,17.308027
951548,14.107962
592790,19.01832
1177421,53.8333
682101,29.508707
66140,7.0858417
1251854,8.68305
379203,19.773201
376503,24.457739
1480015,14.620007
488158,5.7068634
698380,25.102997
494880,97.94503
1220873,9.267547
1407730,9.818777
1332113,19.24962
1221868,57.56926
1222327,47.715107
31475,15.598433
491015,7.095608
410968,14.182921
997605,16.881111
1392943,72.94964
1059458,9.868252
462937,9.545805
132555,22.174103
570152,6.1132026
896319,34.195267
159270,27.835102
1035933,26.816437
533581,30.319324
182523,3.8972075
1208727,7.050183
795215,19.674234
537265,7.3553987
1465569,28.09543
608282,35.36758
1135090,46.962284
689921,42.860252
293404,40.378124
1382260,31.265623
752427,44.287907
1038411,7.874826
748708,26.049164
1230427,35.173557
639808,100.36943
295536,29.045132
723024,42.96239
426671,18.40746
1393480,63.19815
769007,10.585341
529118,16.446993
275251,15.281364
1112126,13.085473
78043,79.431305
732804,14.925885
1006776,8.446327
1218405,8.029067
1454983,14.513726
911788,7.5695524
121680,8.115419
288985,24.148252
1039821,41.76422
682400,22.198713
286627,20.98597
762348,46.78662
1173451,9.909918
993305,26.11022
1277362,6.2149253
44530,28.898108
347892,55.365486
553098,22.640226
1017081,13.061861
1149747,58.417286
846050,51.106056
473820,25.086006
218716,14.6527195
378437,28.911598
540460,10.842779
12919,28.335405
1203320,5.486644
540152,54.928074
1432729,9.623247
990460,36.353218
703579,12.383801
790346,11.77932
708169,3.426799
252854,31.618473
857301,17.39093
274033,18.007992
1466234,16.52894
533250,46.997883
1477681,19.58183
338937,27.059772
1031496,16.43227
162636,14.669739
74621,21.418663
1222423,8.251761
1139512,30.447138
742615,15.369411
1241921,18.214073
22083,25.251343
1107503,27.18187
950603,4.1430764
733807,19.30038
260661,7.2976713
457872,24.957651
543507,18.66642
336514,32.222622
468269,60.770386
543994,5.312595
725548,4.3799834
291039,27.39777
1053507,45.052807
527746,22.255732
1050743,11.483829
277108,26.015385
468073,41.83234
679357,11.584699
79745,15.380081
1031875,9.013105
492307,15.912662
1343652,51.48325
635447,17.395224
469943,58.61418
1243549,7.9134383
289421,10.427689
471120,26.094816
314458,12.465926
111113,21.45643
299276,12.340396
1154140,5.1964197
827219,43.30827
361359,19.354326
1060829,8.528386
654292,129.28648
468070,27.79444
650274,19.319073
694839,50.352055
654277,25.460484
116673,12.113428
436188,12.084656
451570,18.066206
803437,5.854309
1342579,17.099724
1219052,6.075441
785308,16.25966
384945,6.996541
750283,38.71062
473682,18.635998
1447117,40.549522
704057,19.915562
1364911,9.625382
722191,56.01294
991799,24.378223
1262382,4.547826
1192490,25.167128
1415843,11.71201
427556,15.546574
705591,52.230515
90099,10.292104
300592,28.098774
1279436,18.396084
869228,42.726803
151473,27.357197
131479,26.772932
1283951,19.843163
22682,7.8680997
1237497,10.725862
681278,38.110878
18248,41.04206
839949,14.441757
758325,8.201167
625003,8.439186
1063138,23.14523
753830,12.330091
52048,18.785551
758800,19.049864
123117,13.136662
191125,8.7655
525227,34.812862
1200635,17.526207
1404871,95.80758
691001,11.542655
1142762,10.22149
1377572,15.451928
182299,11.148182
318601,9.542386
66461,5.899444
468621,28.845789
460732,19.766422
29302,11.201743
129768,14.328772
1292250,13.931891
952476,43.960068
658583,14.437207
705094,15.211735
408144,15.826611
613867,34.224903
753718,5.8464146
220566,29.466215
459471,9.942992
485687,12.221671
636301,12.244513
394602,21.279915
1146616,14.639354
1035025,113.21508
1205358,55.3832
1069952,9.186264
254090,4.9594646
502476,20.203304
1119769,20.37757
883619,26.076262
280854,12.707963
1130889,14.230928
577202,8.710489
956492,27.18441
836385,28.131165
372738,8.101786
1230996,49.076736
376028,37.298985
1345548,68.24919
91387,24.304272
297428,13.131047
987252,180.40182
459637,13.7893915
1348274,12.3367195
516742,17.835558
1351338,8.384243
716073,15.285356
1104243,19.3677
480509,116.77505
631081,26.588007
1100814,7.382773
1326475,35.8205
616385,11.085262
604346,43.114624
962715,23.771078
1211991,10.148548
1110244,29.57175
1040915,19.23617
603980,11.117996
1074548,147.9443
1289838,7.9713016
1213453,88.36667
254358,13.923158
4059,7.9000964
975116,9.771921
1145915,17.944185
1187690,28.627722
81441,17.149776
521946,14.944102
793660,14.923698
68026,25.068058
380126,23.936062
20417,18.278185
1140448,11.666892
1035292,9.496184
1191496,47.291
226547,11.761143
1172043,13.502474
102343,38.02369
801255,22.966944
1320057,41.173214
1231429,56.337097
1040746,62.10426
316213,12.0799675
738996,6.2278585
344657,18.83661
694818,12.819195
163882,13.743349
1420848,15.529241
1340285,8.880029
560452,17.272425
254180,8.515026
431857,48.739403
400083,31.406847
57849,28.560001
1314524,17.640282
998566,9.716812
1166428,33.754536
1216316,8.165697
629456,14.989101
660826,3.5673828
1071622,26.105225
84458,17.662195
1369993,10.228788
62437,34.885704
535954,9.418848
1095917,44.31039
1247763,139.2698
560453,18.327469
38124,22.686457
489608,11.80216
723844,106.55731
110389,45.37635
373759,35.50225
452762,31.172874
6356,8.861026
27987,11.435627
166789,10.455884
1109158,15.06183
1042422,19.707123
365353,8.527309
1272182,17.233711
466304,57.867786
203295,40.743572
1470840,23.276005
1379968,21.768194
380534,14.265523
1457604,45.432663
1372864,20.548338
1183332,71.2087
1009475,25.942167
478175,6.252808
1282929,14.636845
921977,7.584687
1115315,11.081396
1136033,20.586678
260751,10.907547
305797,9.781338
289885,37.609806
550294,40.663242
976206,11.796765
660803,14.123949
930290,7.06421
491,21.469242
812500,14.971423
52559,64.516685
402,27.279848
1078658,14.03435
1095294,15.691927
1365820,33.418697
1218213,5.4765635
666284,9.806945
528189,21.114565
53123,23.233213
755153,6.1491995
450663,12.828476
181415,9.972817
788657,7.908206
1438074,14.671457
442841,18.657461
1196789,8.842223
795926,78.84669
1293970,17.513752
187173,39.8175
1217220,51.48295
462202,7.3604603
902196,11.3407
609123,34.485546
338973,116.22541
1226733,16.974758
877775,50.020287
260085,21.377619
1109497,6.383038
1093653,18.847364
320550,12.353016
384830,30.088928
333517,13.007333
511802,20.374174
763419,46.17891
1053864,22.40872
1084249,19.004393
1316883,14.757687
963262,10.3042555
343682,7.217966
966570,25.967037
364974,6.1971383
565296,25.56268
889254,22.549068
27563,54.591625
1200280,28.07309
95019,8.821999
987753,28.201591
552419,95.81519
1472482,10.861995
990486,10.164238
339944,17.495222
1032057,13.1572695
1027788,22.568413
1074873,8.740155
1477158,27.714571
699442,47.051323
190742,12.174197
328450,22.845171
133917,21.654737
861052,13.38754
559852,25.468887
567325,18.745975
669749,52.741047
1442477,31.539997
312915,51.4083
213080,7.9331136
520717,44.51185
1290848,37.637524
310016,20.798132
373143,5.401143
1343558,28.21534
378130,7.0529394
7259,15.687948
1159630,24.314398
618721,6.332583
557864,8.8186245
1281884,15.415177
1141301,37.42512
923900,22.169285
420510,16.320496
507727,31.677895
968943,12.300194
1303781,16.970701
1298343,9.515877
635291,12.429888
422179,34.396248
820024,20.062464
546849,26.392097
1074601,19.969707
1284544,24.86279
1142558,38.742542
42706,8.899199
893612,12.288434
5144,60.845745
723489,88.00103
882133,27.330793
602766,11.895468
1076375,11.526395
1370011,13.908045
334680,29.122158
1322715,41.928543
355802,15.065686
1455302,13.377852
125801,31.731916
807290,22.210316
91529,22.62805
1000750,14.434337
1337669,10.996139
112576,86.867966
1432269,15.373565
1338884,19.167274
438484,45.330086
146167,17.140692
1424036,9.961446
1247786,34.38344
414110,8.109299
5295,9.515549
1320376,13.847594
29710,53.507183
1322679,17.703718
1233022,8.180733
929822,21.340885
130090,20.151133
326721,15.409272
1137081,8.901615
1093481,19.276442
666238,7.8811207
1213976,10.751741
850097,8.454921
1341707,46.030384
1148275,47.986923
806110,38.297737
1236956,4.756987
320751,14.910852
654097,142.02997
789291,19.782038
47854,19.300274
402673,7.9904375
375528,13.26799
346710,13.628186
399175,10.926645
542228,11.666923
737457,15.238423
684289,26.498474
387160,66.47838
417936,24.731169
1183146,22.584747
728110,5.6690583
924309,23.41736
455748,17.382027
701119,10.251154
1221628,12.842337
236342,50.011456
632973,16.590197
451973,12.05358
1309909,5.278983
981406,8.899828
510104,12.923072
414343,6.245782
783657,10.260286
286271,5.5311356
193772,19.021164
1288793,66.97316
981714,26.01581
728630,15.353305
384223,25.748102
1451033,7.9969172
440271,106.882965
792431,13.268276
48536,14.615062
232705,18.153643
172645,11.686474
1465555,7.9749856
603706,12.553527
640167,8.8935375
529256,18.672512
862488,40.41709
1294336,23.331104
292666,30.10363
713645,20.491724
1101920,10.547529
623123,15.345637
1336204,19.798872
1218453,17.30921
116005,17.842115
658646,33.17315
812499,11.135867
692742,5.4732003
315328,28.520624
335327,28.269817
1220404,10.326728
184810,27.115898
975295,41.536575
131414,13.985745
335501,25.451483
1396013,6.1080513
997133,40.374138
1441287,4.0077477
316724,40.575703
163076,28.328335
968222,33.030167
393005,16.085316
986275,56.021366
1020587,20.735184
856083,46.601646
556822,14.983533
1365902,35.36896
993652,11.832601
359410,17.514242
735136,31.106884
195417,25.472233
303953,44.782597
238418,6.090084
1042661,12.497896
1426051,15.630995
385572,21.152624
1082335,17.724167
150541,21.865292
398009,52.306843
743015,12.668755
327507,14.215514
1219853,10.207461
1253105,15.021625
207428,30.309074
1033639,13.604552
190528,8.862128
908967,10.281542
1048723,42.418243
1464933,16.879116
1402660,33.628376
1380061,26.971165
1423052,116.5124
130935,11.611885
843026,27.533981
758400,58.888012
637680,22.68675
1295670,12.350829
30420,30.9836
954763,15.862341
1192904,17.753405
213837,13.740415
650737,5.0449634
91676,22.220621
1294886,13.459338
1170676,10.416019
842018,10.87633
543623,4.418583
320752,8.8417635
715706,4.6294765
821257,18.299698
615523,13.970651
509222,10.037613
1229397,13.8896475
587909,16.825325
1133388,63.674458
1336988,13.987611
768536,25.395475
305419,8.141732
1139801,13.367672
593153,18.07372
94853,12.179708
843555,23.583113
185284,30.968811
582226,3.9801283
1167224,18.050543
274199,13.000125
537824,7.6068945
698714,36.10735
372220,6.3730254
729804,21.24689
341259,37.388824
693245,23.11564
928781,14.320288
149384,19.96225
1414647,12.957444
894644,28.738903
1283898,3.9800878
341986,26.192295
1397693,23.041132
1221650,7.1289463
1235733,7.4849477
1420706,18.739058
1028290,139.54953
275579,29.534286
1398887,12.76397
1033034,29.516521
578276,10.051883
220101,13.247438
82817,81.46265
157242,63.291893
202402,5.7847877
1103146,103.967545
675146,9.476258
314032,32.211624
1115100,21.969198
1043811,8.883506
485394,60.274254
1040263,13.117743
10926,9.819423
53983,18.420313
569019,20.602596
304096,13.805956
233172,18.9696
516254,15.518115
1363534,9.243203
432954,5.5890317
1003467,12.514441
712861,15.667605
155000,5.3341947
1406514,19.469181
697199,13.842097
658508,11.083888
102083,14.6286745
97604,39.443516
852750,10.643956
60577,23.964527
419923,10.064153
1357031,19.846725
146779,21.65188
798828,27.940197
1037095,9.415445
239412,49.105125
238341,21.85135
728672,8.625924
345666,34.428314
340020,6.990808
637863,15.953235
325645,6.2319455
1160961,35.174522
1017104,8.959248
1259646,13.011779
204069,15.020177
327412,11.231971
507548,13.625767
691611,10.791092
1178446,4.3355756
1117735,36.097904
1203282,12.804722
1322993,19.690636
1294883,421.3688
1420307,15.591544
716408,22.29325
12113,44.19414
825155,20.638247
660682,111.404564
328071,14.820235
5422,28.358683
1399723,29.526236
1189906,6.543118
348993,9.326717
544040,9.316928
1135447,11.30383
822144,18.62616
884427,6.964359
346143,4.126785
110754,11.928365
938760,12.227302
1273790,206.95164
984398,19.266973
831138,40.61215
87257,13.819174
264405,33.08069
1319010,14.115723
412636,42.211807
439883,11.813862
635294,14.061165
1147373,45.56894
1439476,61.283092
699240,13.862703
22331,19.025557
93730,15.585303
1481906,4.18168
1231169,15.648938
632286,11.983561
1245095,44.499977
1366750,31.55045
337573,30.494814
329490,8.628662
571252,19.27962
265881,18.828775
1140056,12.736589
173617,72.71928
896834,29.276543
1263684,20.058487
1316145,19.37449
698596,19.809322
636469,6.731795
718392,54.730488
1166407,18.317726
890893,22.047846
383962,6.868368
935358,12.341557
88570,19.067682
532536,13.618421
176498,23.72031
489763,14.403971
653769,6.928279
926242,9.158429
346234,26.249056
606530,3.9252682
1098873,19.179674
355279,10.439279
515155,15.543615
630048,41.25658
648776,23.022156
167901,11.062478
1105732,29.137732
821450,19.176922
833527,11.588023
777922,10.231932
345111,15.748985
221552,8.748988
663738,5.7789826
282987,63.308357
21289,24.55965
1250933,12.013526
1373197,6.680269
273569,19.303
980415,41.223812
1178732,69.48411
348025,60.401253
939881,18.283587
641873,21.017538
665336,24.411179
323144,12.804159
509454,19.24947
318719,14.190529
517603,10.719919
1455179,53.628384
417358,10.276043
1435861,15.177163
1328096,7.9624763
323754,22.303076
462436,22.587992
533215,14.651712
108003,16.145088
1264388,17.259647
1235111,8.598348
1014559,20.650682
465087,22.730648
143814,7.555085
1448096,18.307812
545031,9.392033
1302682,10.4279585
1224727,13.097077
1061111,36.654457
126457,38.690365
1398568,63.460545
59063,16.84918
440760,42.751663
503242,13.682817
291589,15.745644
1250983,21.708588
972902,7.6579194
1313412,14.919643
1234985,5.934908
342254,118.05498
35669,23.708347
1175366,13.285534
1411099,3.204958
364622,35.047085
808273,48.06885
37333,17.9116
1053004,12.338697
1423427,14.314262
768756,42.727448
1333757,8.70102
310883,13.402218
828649,60.155396
748926,19.697163
1258130,23.537397
227750,64.20723
841562,20.124367
22480,44.733994
518751,7.914295
533557,87.22008
875338,8.373423
1133233,20.91606
1467767,9.953425
1053511,8.641586
508156,74.05016
35427,16.163427
485154,8.548887
651560,23.087399
187100,16.506258
305327,77.87521
496775,43.65839
345254,33.21277
844751,6.474805
1332836,27.326328
707803,20.770023
439788,17.252048
84632,19.93529
1353760,123.41493
1127769,35.735806
1231861,9.989715
459628,13.239512
1332176,39.730682
543251,30.323149
164394,10.731471
398220,20.278772
1280867,50.99242
780997,10.477805
428583,15.916492
630176,10.744069
940830,20.090694
443045,27.976236
60104,16.292273
322889,13.014358
1450970,16.395544
1084312,69.88645
101410,36.85566
757550,25.12561
677600,13.9796295
168324,29.087282
1155051,8.247324
745445,10.466536
264552,43.12018
890659,10.646666
1287978,74.6932
264135,84.44534
781799,10.573992
12888,7.2150006
43367,11.01974
1290612,19.861467
403714,13.687453
874791,34.92122
813128,18.918161
379460,51.27724
840673,13.38803
700279,9.233576
76891,17.844366
571110,40.586895
387728,20.732317
718092,13.202484
1182035,17.972012
21235,17.951124
714995,32.277496
875897,12.917091
1141450,23.106024
1378230,16.882277
181795,25.770239
484739,18.813414
141613,65.69716
924362,14.832903
906300,19.056002
836241,26.23728
874235,7.667135
1253326,52.90875
292228,27.750872
80349,63.599133
251200,21.247318
765693,8.511281
175496,19.79811
1423877,20.577343
678797,11.790924
1316993,10.819291
729047,41.88923
700143,21.536907
852615,47.269737
1144453,11.766794
478921,11.350443
1024278,56.389202
686495,15.794402
1179744,12.87876
836197,23.38235
503923,7.342802
439695,17.897633
132646,5.236585
1260630,27.130487
385687,31.62983
487338,6.9312325
1079737,21.50822
659459,39.70614
248502,26.08873
1309200,14.957488
925882,9.879628
1051099,7.3611717
447778,158.97118
778676,49.607143
1299730,14.136376
1113442,13.208326
870515,122.4963
784851,35.71233
1144233,98.53014
1051600,14.002827
1300510,11.18453
656577,6.5500593
748575,27.464878
1221392,16.833586
996698,8.694385
1123907,30.994736
430619,4.0383034
677634,14.543926
718813,8.679872
1422064,13.135785
1478932,18.560228
1283895,46.76622
457261,52.6499
1137518,9.787571
1375049,16.271852
565545,24.660398
777538,5.229078
604058,36.667847
104588,4.1704526
353439,17.39087
483216,21.897364
126507,11.55124
1273934,14.95847
962544,14.358934
188274,11.794228
906576,23.959068
514556,44.30498
1143791,60.401253
1116212,17.149473
1395469,3.5847037
1271714,18.23628
285827,3.8773632
776978,17.12878
378582,27.290537
951564,31.87645
891194,19.714283
253687,15.296468
148294,14.150189
1208372,12.770588
1102558,11.434459
1169080,7.0338373
603239,30.545202
117848,43.760136
1292236,16.546764
1299467,45.509468
1194244,26.686205
190125,28.923567
1040644,3.304866
822770,11.954069
347530,38.054413
1197770,21.981062
1441781,24.7955
586266,22.235464
965684,11.058637
506582,19.085192
1339653,24.51355
896133,22.522694
958115,70.52876
648422,6.5454326
551039,12.025225
925699,52.052753
430794,16.139633
157793,23.433887
1140554,19.474096
879333,14.425625
1293274,14.877713
1070478,3.7357192
1177029,16.433517
54604,137.29842
366637,29.563324
1456326,116.97604
1231531,322.06052
195275,39.884815
74309,26.910477
1385509,14.289599
673858,13.056699
1167328,13.003162
244019,72.60677
340113,6.3177204
115029,14.082197
1292215,12.50966
83323,20.240883
774155,26.665863
360061,18.224487
180059,6.160132
681956,22.758533
560748,13.734382
869474,8.699566
362865,15.873879
819306,42.11988
109043,10.221027
694312,11.615999
183816,14.263256
481766,15.600479
786062,15.858659
469267,20.100332
692455,9.727583
1000618,13.241424
952561,34.37459
255242,30.31801
906102,8.484832
320839,10.84519
341754,7.8303742
985924,8.026673
1449052,15.234494
1419733,17.939377
1053077,36.341053
48619,11.934392
942331,27.228443
845901,9.900563
618640,10.035597
1135353,10.3682
863410,10.697603
549037,22.582644
1084327,35.298084
687035,25.39158
1447248,10.141158
1337229,49.259575
1358669,19.843063
325929,17.801508
1364129,18.27573
1173820,14.391999
1348922,37.302326
799452,7.8277216
1046086,7.126071
1205169,14.055105
801777,32.016735
1403565,19.157267
1336137,17.059786
538792,23.693972
425235,44.35823
805669,47.787743
1250314,9.340956
369803,33.37808
1151608,12.046294
487523,8.4248495
212285,175.32324
1040449,12.356809
857612,15.805429
512472,11.883861
318031,20.65977
987856,31.373701
1038874,21.637928
1116887,13.401428
125823,12.481436
284544,22.426285
439156,3.9089546
1013302,44.806007
998987,14.247808
393342,18.183405
40013,10.403925
609244,8.982049
868067,37.58577
1215887,68.3593
490696,13.515509
88102,6.456278
1437998,11.835168
1461864,9.401226
982820,14.080871
1010371,32.054558
646622,14.694004
328707,10.758482
72696,11.974364
1227260,19.402729
112599,4.784626
324653,33.262268
146780,24.290545
656856,23.39482
866775,15.434338
335092,21.652306
879358,5.2544684
137352,20.254616
791902,19.422365
667970,18.103136
24139,9.298054
1278503,10.971638
80270,13.433076
319263,37.298958
1405817,20.275778
719307,57.508995
1341434,17.40667
911109,13.9158945
426075,12.396495
842109,24.155191
82842,10.798859
623706,28.991169
747055,18.34388
790335,48.316536
206289,10.220648
1067981,15.927338
1259156,17.145771
159967,11.172611
1163693,55.493782
735387,24.756445
332393,31.559958
425073,5.4229116
1206473,34.64665
1234994,15.363792
614486,123.00626
327236,16.925901
144105,7.344127
307617,24.687601
152541,27.200668
179800,61.07937
344319,14.482935
822585,6.585568
1261062,17.909418
1335544,13.477504
247932,15.98825
1387917,21.02368
10420,13.630659
948487,15.654632
593038,131.70628
423117,5.0407977
476759,13.647402
750809,20.678679
1389027,10.26089
129504,7.038085
846681,20.985598
1007111,7.054708
851097,52.940556
97852,9.237805
1431989,12.65384
406166,91.50901
1234529,10.78415
1269306,9.8882
55266,7.463104
1394882,16.835457
1430749,14.657815
610548,22.80209
1073952,15.20323
322575,68.87576
1119820,23.047586
1194010,6.524095
468614,5.7931495
1297489,13.85543
263858,30.284922
715846,23.301207
584021,21.18047
1166903,28.132853
437131,66.150085
706656,12.498669
858163,17.370893
737461,30.495821
353490,25.203188
354541,3.583226
635446,30.6966
1352234,3.2925801
94395,18.545973
114606,14.679855
1095038,35.359146
594761,14.638194
28385,14.335073
1437343,12.894036
1136983,12.546519
538993,19.19223
111103,42.569664
84892,25.029156
635473,9.759611
1180549,14.768187
880081,19.062496
1167170,26.758282
734642,29.016163
1027710,31.154263
258394,44.600094
185713,8.220688
539387,7.419415
1286144,21.252958
798961,12.8356
150061,17.91558
577618,59.421707
892879,11.033426
359752,22.276617
918610,9.239934
1300988,39.933914
515611,4.904509
912683,7.50783
1386277,51.597706
527786,20.349606
1421971,8.77003
1318808,6.7972493
1424078,20.867588
167486,25.913
1050651,7.2695713
967321,86.32626
1318662,15.976151
247403,119.80844
1103158,8.553376
64337,16.476656
68654,11.233582
150607,21.832447
114613,15.124306
718355,27.252764
1319328,25.872593
1071361,36.343555
63820,11.255593
1339503,103.971306
1294472,13.927364
36290,29.121202
43888,35.04155
253572,12.147191
993174,44.310165
1345623,38.59648
741629,16.226015
940364,19.445244
237845,29.976341
638714,111.04624
1425924,24.006893
1426064,68.351234
852016,23.621803
89653,18.244574
730030,17.788467
1298741,15.038292
685308,9.62459
874287,32.22469
658832,8.886801
1006128,10.865743
823287,9.349166
453052,7.639689
56137,17.426798
1410292,15.009089
1190629,75.55072
49284,17.330446
357491,15.522283
1481884,11.32976
958997,65.68253
1196984,14.47682
932831,8.288171
125709,9.961252
604053,18.71286
513933,33.167236
1021915,8.02948
1449184,15.490303
167049,37.19615
1069004,52.196297
261834,5.8781385
1067882,6.8727913
622095,11.250808
551380,9.48286
611417,9.853392
2127,26.30587
1075792,49.017338
663742,18.282965
511499,8.694954
95118,12.167493
145577,19.166367
1016225,14.132313
31326,3.355144
1211950,14.111514
200113,15.3517885
577592,29.258255
1471755,22.884636
1147566,30.73586
763277,21.686356
1456020,33.986565
1255749,25.468016
1202610,14.325556
382906,15.093937
1438712,15.836322
32235,7.8175135
1278280,18.332373
869954,11.808762
126315,14.164305
251100,10.296803
1426781,40.279873
1330359,14.42539
1337759,62.90437
532215,5.7287087
352277,14.00752
1461582,30.263021
392330,18.50855
132304,29.466984
2961,48.52038
687919,11.412673
438790,19.564705
1138880,12.137606
135833,16.136143
1313524,49.306305
1001105,17.834816
1314751,26.784674
991111,14.235232
309372,12.718203
214750,7.912516
494310,26.334173
1142410,7.9707966
1040436,18.371687
100013,14.1238985
838449,38.199013
116172,22.657143
340939,22.174164
129404,14.149846
1112324,9.389974
910457,11.306728
1114140,9.555059
609841,78.02595
484231,33.632057
868583,19.255913
1304845,30.686195
1072840,17.727816
466756,11.338552
1299961,54.019966
596094,10.736321
934496,56.097275
739513,18.345213
1374867,11.620977
934393,11.078402
1307645,33.164433
1228655,21.337326
1032140,23.666998
629838,14.270128
97638,24.288591
129388,8.905498
1032436,41.15141
640200,8.445482
107831,130.5791
1160391,16.348795
158536,39.18945
379301,14.401863
1007685,7.8488445
1116559,18.973768
697530,13.904185
23196,8.861461
1349768,7.628966
1466265,12.676409
149042,20.59777
1110405,29.544138
102100,6.294619
1327674,14.133695
1089411,25.477667
136627,19.068342
1271208,20.39441
12289,20.568342
199980,13.533911
767276,16.043049
1481501,33.165363
696184,13.941927
311153,15.017191
676978,39.354286
1178011,9.979736
759455,18.12962
178681,30.08282
244546,6.4260025
17495,24.97709
779421,20.924475
524871,34.339752
422769,14.787511
435934,82.53306
1379462,50.189674
798160,3.0831254
308158,39.231716
934305,46.381428
927768,11.671453
832647,15.526139
527647,15.324646
879152,21.801613
1175760,9.789284
399605,29.465372
1226662,71.41828
437835,10.446902
251397,38.035225
543688,15.188387
382048,10.984941
1090440,3.689882
665331,14.023415
172682,22.154316
702840,17.280539
855965,6.467169
795471,16.877382
1255078,34.18718
114027,13.652868
706533,14.494597
1217082,12.940516
123826,11.013744
345226,22.660915
508522,47.98252
885055,13.475212
650659,65.44221
858279,22.82126
165210,26.391823
598783,9.4811
648855,23.488995
93850,17.854181
755913,9.968987
1411290,40.66045
1232578,9.956092
398379,27.688581
44506,7.830105
966515,17.325539
828612,5.981676
924046,12.569736
980027,42.115173
1166203,54.315094
595010,9.601427
315340,13.573523
1018023,12.880167
190494,27.290255
938721,9.405341
1439019,92.206566
1269470,13.5350685
1170419,30.793774
1366991,4.5109205
281501,18.245216
325594,6.0856447
1047674,18.515055
775612,76.97436
70973,52.909725
151619,7.30825
1295453,24.925415
1096877,16.9089
1234375,28.403816
351451,16.428198
996898,25.17929
177943,21.969137
181275,48.570534
1244247,22.012924
960959,17.313955
276156,13.626963
1319494,13.185696
441479,12.704823
470603,11.303108
559201,48.333927
1295466,17.20367
538698,10.099983
755231,15.082115
893668,5.1024914
1419226,24.97439
1394138,11.144822
414910,10.609555
1436692,34.703796
1079662,112.3162
983070,11.1644
180477,18.450645
32106,61.621628
479576,15.401438
263008,98.2811
1433421,15.943367
530246,21.036612
547177,8.064716
784197,10.605468
627718,48.200302
15513,10.155163
963894,22.590736
128677,8.729954
29442,21.569147
877132,9.911976
1038044,33.755653
1302680,17.006912
869669,35.407654
1329532,199.578
427737,7.1646466
1105105,25.809202
1394705,13.764163
94606,23.73372
1187133,7.7508564
1174311,29.039566
1018392,12.620338
965872,25.943438
232461,21.944935
1172718,48.5888
792603,15.442298
59560,31.505648
1263622,69.58003
1393645,10.825929
1192704,34.221348
1437552,59.88268
138341,17.23282
273695,16.7463
720374,90.55974
82617,14.02856
226523,9.062208
1078280,10.817677
769776,27.407684
1016150,18.439398
664747,16.254295
1426050,23.479498
547309,14.326707
715800,49.81303
52591,14.636196
1122140,15.79192
318095,21.94092
662142,34.63871
1342825,82.10861
420317,11.130761
1071543,84.74595
340308,6.787542
889894,9.36913
746166,23.861876
1461022,10.784172
959466,21.618912
507245,36.97682
729585,39.945957
122896,25.867308
511502,13.31147
943508,25.45031
1190388,14.063829
11282,21.680645
582361,9.226747
1308408,16.70914
836862,12.102337
1252545,17.796577
626886,15.795952
213579,17.704977
646680,44.780064
1315010,3.237119
1423264,18.136293
1432576,9.947783
811816,18.983433
684637,15.031326
729285,19.733873
250287,12.404808
236830,31.258085
334188,13.649721
1274628,9.575809
294738,15.802677
376871,81.14942
145852,27.623716
1066384,23.94381
569786,3.5765805
987748,8.560039
35392,74.598404
1407134,26.088873
380938,34.881878
1346328,51.327343
1173341,8.413296
327365,11.0028105
434463,62.811802
31539,6.553549
1071460,39.58257
856504,12.313194
1282628,43.734745
982704,10.163578
192655,17.636122
1449094,22.695087
1470378,44.873383
1112945,40.302803
710632,18.151428
1259146,20.937567
495039,14.848402
1085360,14.651559
1372343,11.610751
1346618,22.14288
231340,16.626616
63432,8.366647
1381745,8.972294
1149426,32.493362
878072,35.84407
685449,11.952222
1131373,70.41735
818981,6.0295634
677140,15.991276
682956,15.774502
1167452,10.17403
816070,14.857738
1122056,15.823028
454067,37.61128
1385290,16.088856
1429066,51.870117
1058013,6.8658304
430777,15.9769125
1146148,18.432781
797453,8.889647
949501,14.042759
479372,15.390965
1263027,7.20006
769721,8.997943
106004,16.635914
1232219,31.203096
1345467,6.1662655
576917,15.62156
996445,8.541421
946564,21.172935
84574,18.753218
1219865,11.7829275
42225,22.037308
839229,59.245636
1059723,49.168274
394174,14.246616
731031,71.75339
1224744,37.90438
1078949,8.447444
696977,7.7820215
239685,6.4207478
106151,19.17608
167522,15.732306
235228,14.191127
1187086,5.8591123
548480,17.755358
729064,11.237117
116149,14.515262
1254571,27.572226
923023,12.375903
540278,15.906787
1411486,15.606971
1106312,15.25263
1160441,5.299565
1262133,10.866589
314064,16.790329
907402,11.254284
1073527,9.045547
920568,35.856705
1330079,19.449514
46970,8.297849
411935,17.611736
610176,9.786686
25922,61.994766
3600,13.972335
1356017,16.849485
565627,38.02168
945506,13.168302
132557,9.544
1345208,11.55491
964167,45.546295
894072,35.362213
61448,50.077442
523885,9.666532
832074,23.143185
628260,15.765433
777556,6.1848197
91060,64.58939
519433,11.460429
972644,28.648165
364959,14.903495
87910,58.31501
816201,25.33164
1010672,18.18828
453679,17.253046
190359,72.41546
927904,10.325157
1186631,49.494698
149155,24.331991
806662,15.768536
1185140,28.39584
1170032,42.916107
25546,17.151093
1038776,23.607777
840296,23.02885
696652,19.996458
1215435,15.156168
1398976,7.362316
1072805,20.828514
1081271,23.906704
1228002,11.882992
1230277,9.975198
649949,17.455517
566106,46.927753
80662,10.19081
326155,11.806374
734398,31.667278
92389,6.910261
453596,13.713726
152254,19.614437
570409,8.837897
234701,4.142669
438355,42.60499
1457562,16.943169
537059,11.151893
408555,12.587143
1363565,15.653178
348723,5.6554985
1310570,16.813095
60781,9.589029
1156613,21.84289
1443394,71.1483
1329819,85.226974
92941,3.0478027
327761,18.891415
755605,7.2379403
383145,21.564219
18050,13.946474
207528,88.41786
994800,6.915028
52712,12.291074
21668,14.15507
1020244,20.191164
1328235,75.086624
199159,24.970682
944812,15.77811
567948,7.8311954
166225,15.008425
1398921,28.586655
500709,42.557636
811446,89.87126
1220185,10.077487
111722,12.281833
220857,14.077271
620098,12.214146
889379,20.782366
470626,14.752683
320405,12.12974
291664,23.742916
983150,61.290577
1089235,43.520996
952006,8.521101
867317,25.833323
631652,53.036194
415382,20.573563
1295825,25.45087
1205423,54.597458
317821,25.427345
708694,72.384796
168049,15.466954
1112975,16.393005
685796,16.306883
820365,14.760298
684857,15.719421
693678,14.149587
1289924,12.248126
258171,17.032557
989383,52.249172
615077,25.807922
1318092,31.505438
625400,14.628388
688935,19.2657
769883,25.280643
1169466,15.150095
1166026,112.4181
1264597,14.557712
728616,17.52312
136783,30.383825
1096624,27.697023
115504,22.01785
916093,9.6802635
996189,38.454758
1367538,13.769116
159942,19.55305
126404,38.371597
379951,22.591383
307188,40.92638
1454827,13.662514
1455477,38.215904
752923,24.380173
97895,16.948555
500616,19.488174
768169,5.915812
692529,9.732476
904045,25.824667
1118164,74.86245
1308572,11.04537
1155077,15.5979185
413176,59.009274
1291559,6.420564
259005,12.640299
1133793,13.086665
495815,18.15605
1179969,15.887365
162606,6.049606
1368107,29.730446
300871,16.220324
191635,21.828627
236956,33.69427
1098428,9.643275
779184,14.194173
223185,29.559507
656735,67.131516
352807,10.244251
290532,41.953217
555286,9.136493
1077597,70.17346
1138204,10.722708
551122,8.057963
237503,19.511312
1382243,87.45086
888188,29.558786
1270742,10.039439
399154,13.734736
820954,19.98257
303686,44.676163
289845,18.869148
1251146,23.469099
1186075,3.818029
888627,64.822556
707104,16.163877
1306723,15.213691
659494,11.786963
1052508,30.653116
355252,55.935402
1337894,22.769844
1463874,41.6162
531441,22.206139
728030,13.192292
1409670,16.012642
530187,69.6115
336767,6.7956357
1224982,91.823975
455670,24.042727
943332,19.574371
62613,8.618506
804622,54.829407
1429399,15.935322
104636,6.5268326
723505,9.531222
1282219,14.878323
155512,63.35376
694636,19.865013
1119200,32.398716
72553,38.156494
14959,18.366156
611359,10.796403
1066794,8.4101
619160,30.437521
231168,19.522324
887246,26.271551
795408,6.689135
1353367,11.147881
269016,23.408182
966504,14.760877
1227771,19.496422
1186298,13.4213295
626196,23.573057
1299703,10.671039
1020997,13.993579
629677,26.503819
1456502,39.577362
724538,77.41784
523600,8.848176
374173,13.334233
809994,15.766289
1006413,41.03254
115995,10.780037
1078915,95.87588
503540,13.24232
630494,91.732445
1174064,37.37934
520548,8.105857
1350118,19.889303
1418347,16.694494
8434,12.190003
1269185,8.453471
842208,9.233722
1248765,13.127668
100230,7.627925
324900,15.403941
174691,10.772703
634643,19.577986
849045,24.031307
716810,57.452442
878377,14.274989
639940,25.68048
654159,18.82567
384351,15.661074
760694,15.907811
539572,14.942053
1007933,10.140911
98724,12.586536
524345,13.458325
402742,12.1397295
430077,15.953384
71231,13.208157
624963,33.44426
1319749,29.787853
911839,19.38641
60084,14.434499
301881,31.308084
1132810,28.792526
610612,13.080245
720087,10.103892
1074024,13.202108
522613,12.644865
1471143,46.1627
438673,10.195539
1243237,13.89404
246393,11.065213
278165,32.88018
246806,13.231228
861179,12.899241
512409,5.789507
436488,17.19975
429093,10.097382
277752,14.951254
381451,51.195393
1302895,46.70141
188662,38.165634
874595,21.4716
33264,11.744414
1082502,62.847137
604382,32.59671
986083,23.325506
1392898,10.813608
1164887,11.709613
889954,27.257318
1129818,39.122757
1121871,11.113317
419272,16.207167
1374144,6.771222
153093,30.926416
688084,9.276588
1023247,10.628417
448383,31.817434
415868,15.071709
17763,33.705425
798375,25.005869
1472851,16.476494
1281553,33.52654
928678,16.551752
1352855,8.170038
312026,18.996159
1049112,30.173683
482492,17.043522
483266,29.132788
1001344,18.519098
662971,18.5566
1408210,9.70231
1018615,15.681289
209567,26.14835
1326076,11.942573
602479,47.680473
563750,35.541454
1139126,59.514202
870648,10.019157
854208,23.983664
769259,21.740606
1210217,10.7212105
1018735,11.568165
218900,12.039934
781661,24.887318
1316380,20.52244
448428,8.477806
237016,48.78273
1045811,29.241928
846395,16.046923
113284,12.926272
329261,4.262312
653423,12.953186
263769,19.583464
833955,8.821769
1088953,15.768496
1223887,16.40399
171155,68.36162
624371,5.7060246
1270314,25.717566
603164,12.479982
1098797,18.240913
678395,29.647457
186077,18.260653
1455524,19.540136
931942,7.3554387
1115721,14.758882
594935,10.779537
1173882,33.46958
1458267,13.581808
335429,12.133622
545550,32.780674
302271,12.625419
847450,83.086426
1152478,9.163156
137829,22.08914
139907,27.293547
1288394,20.39718
291485,9.819405
1066476,17.66128
1229190,32.096508
478990,45.119072
466107,19.094715
903999,18.418156
1272552,78.89384
533287,18.625795
617085,34.484756
1234984,9.326072
211932,9.790238
715453,25.910324
1195661,13.85719
134819,34.749157
98148,18.690071
961209,4.570509
1345393,121.5547
747016,59.248337
1376358,2.6906567
179513,91.157845
933844,61.333454
894566,13.903652
153608,12.778138
168735,18.95186
1014552,15.312678
850187,13.829742
1086904,91.19569
619777,40.39483
873805,43.642647
32241,30.92768
944099,39.948925
142780,9.825972
492450,89.244484
511787,22.128748
1434912,3.5209098
1023620,16.20646
1262350,22.026485
1065113,23.373907
714073,13.808889
766526,20.16407
1353696,35.655384
1265224,18.418104
1326109,18.154356
152581,28.887474
49845,21.534725
215456,8.106389
248812,19.560038
913578,7.535754
1378114,22.586344
147,80.494934
4263,9.770681
1415275,36.428276
1078478,35.509075
726473,30.89793
908289,21.029966
837287,14.886634
1368627,23.368345
223124,35.854023
342120,19.343163
1267210,5.461126
1407966,18.10606
754154,44.458786
584446,12.363555
1015532,60.101295
357328,10.996347
452142,9.02281
367833,96.59528
925769,18.83591
555595,6.371029
1309881,25.195728
1349406,9.78577
918420,21.741127
167114,5.023474
203854,23.433119
1376359,12.596126
956757,14.2519865
657782,7.397081
359402,13.383469
169866,51.84237
1320735,23.69276
719924,26.309387
1391205,17.798836
1262341,50.640087
1313026,8.280034
524232,11.740723
1006384,18.486897
1297887,18.722786
1317138,15.497161
1086401,38.55519
515809,17.589705
895499,11.897439
160632,5.554341
241953,7.1790643
486812,47.404045
1159451,104.62252
690483,17.374123
1461170,7.8149724
618391,9.4755335
286127,8.800032
1389733,35.81685
1458637,44.02065
276285,11.299979
380548,39.04695
1051785,25.635925
979431,12.245969
612417,8.851347
1209056,6.7756143
781918,16.316135
1335685,49.633045
125129,32.9
184728,100.11169
982618,14.999088
405365,6.373456
317166,8.337289
175898,29.659788
997427,9.909026
605656,26.812769
313674,50.56354
1411801,27.514408
7478,4.1114473
557319,52.91749
66266,10.52261
455662,13.350893
473274,9.953939
33401,22.135923
439005,14.336196
417805,18.354542
75280,20.522814
1085966,10.239207
725579,10.10411
1091458,12.148423
1235593,11.204141
505334,8.96366
123847,3.467185
274708,32.760418
318619,22.231918
113119,7.7568398
490903,17.824535
723852,14.267176
607706,6.6884165
593180,47.783962
418834,11.357022
99772,27.44344
544359,94.05972
1293275,59.78147
935862,17.177696
1315728,14.585668
572330,8.462187
84496,12.514564
72296,21.661684
918204,136.18828
167115,28.946962
1312605,3.948363
1238152,15.816913
999900,3.5269153
1202737,12.4965315
482586,3.942668
702261,11.34417
1352748,22.170776
995917,21.422201
867060,12.039891
1062650,18.765383
904021,28.400255
283961,15.177429
1091661,12.296547
96971,49.3135
461273,35.89721
874209,21.632862
665815,12.706969
1090335,87.781845
29113,104.209885
648266,14.674574
1085964,38.43868
352069,25.095655
1314061,18.134497
124781,10.115446
197418,17.059467
511992,11.861579
218671,21.099659
920549,12.177141
364666,3.7706473
347695,18.567873
329699,51.9658
690307,16.738556
344709,15.486459
439835,42.22477
690614,84.041275
479955,45.291553
544726,35.803
1036691,17.0597
1107906,9.490052
1202128,23.834269
36303,7.377534
819309,19.107677
650420,11.997433
217036,18.141472
96370,12.913339
1227489,27.257694
657752,19.517582
99212,12.956653
226352,3.5585768
277898,21.766218
1069463,94.779526
571657,13.9740095
675720,36.094437
1026594,30.350986
749999,6.516122
826946,21.437988
895022,3.5478113
1404293,13.24537
993698,19.330004
242741,51.566902
897996,36.67222
181529,2.893934
850742,33.222046
864194,19.796587
479343,27.867645
378067,4.850082
719062,12.778962
905241,8.312236
385467,9.27188
183134,11.118371
560043,96.98319
1371641,15.5213175
1321801,12.862622
1110141,34.456764
1426409,31.773342
1034659,51.219975
94012,11.047168
922980,46.81712
1235110,5.6238985
173647,17.365849
148932,50.851967
1095216,11.744426
84029,17.424654
996769,3.7837226
647838,11.181306
60316,14.038359
372872,13.094442
1052144,24.581964
546202,3.6261768
350384,15.976622
631080,17.704487
161096,21.395634
1186403,14.306625
458003,16.67776
784510,24.06221
346454,32.831066
50801,25.86294
53928,19.694962
479980,9.678122
51389,5.903507
1190369,32.65127
1211691,35.42961
154643,10.00598
743196,38.37337
602169,9.710989
484959,4.682916
3383,22.03497
992250,43.26064
200093,11.907301
766417,23.071232
530285,10.526651
827231,28.2538
1051610,5.018566
560487,26.16047
307827,10.209131
46421,14.747539
198002,6.1747766
244431,18.640316
486514,37.088043
656222,25.410187
979108,21.467741
1117627,13.037318
1139468,14.643736
1330591,13.866527
1252433,8.218345
461513,19.593939
501475,14.959067
704833,53.547226
634722,10.360825
648123,14.765269
1300230,3.740818
1058980,24.830276
424192,33.019573
274683,71.88391
890625,12.134778
1408521,7.46732
1004076,16.005772
23734,4.3309407
254592,4.0630116
1291171,15.277635
686771,11.45057
55470,15.365135
246999,51.37722
961412,11.468908
1021771,26.086077
93516,12.9432955
605135,117.86869
1029320,11.217772
1330995,8.629378
348540,17.687054
44853,21.578976
1350571,21.844704
954392,17.31083
698434,219.10432
845871,18.215368
499142,11.6709795
785757,15.599925
595243,113.06791
639073,108.5756
574564,48.05937
653119,48.929527
330341,35.56296
17257,9.507519
613600,8.6136465
318436,10.669102
1056735,17.857224
63086,29.573652
18794,14.278683
197046,11.079712
137000,10.528138
12551,27.261185
432665,16.881645
812308,18.785515
843800,3.5931456
1242059,9.742724
32844,22.789177
153941,16.962078
884819,9.7757
487766,15.750994
1431202,22.140865
593392,10.508626
593442,57.13265
644421,50.36949
147176,13.803371
559285,8.182057
926701,34.5854
1066547,87.42181
1190917,12.244045
835439,14.150533
1137851,32.21917
1446227,15.468344
346706,21.949163
1453970,4.8121395
1325653,28.818384
1385323,27.613277
123575,32.594788
732356,18.699442
109423,26.113983
1011145,15.68841
980037,11.942005
402679,11.382533
1244711,13.097501
822920,17.756691
506458,9.728178
1356490,70.20965
122426,20.482677
668120,30.664982
146743,13.42016
547173,11.838449
1406681,28.944227
126167,11.016761
1250526,71.06678
978653,23.076305
164422,104.520424
1029615,86.94811
765224,20.841635
1314420,151.20946
762690,24.712612
693754,15.946825
800538,22.382877
1175029,18.863417
187373,24.173407
1321418,47.116
794139,16.988697
1373346,49.799995
1258723,13.554859
1112329,9.405329
806935,17.520882
49258,19.592564
396299,29.197754
413836,18.070902
367465,20.181774
189078,3.8209753
785379,21.3258
94599,10.096376
1311156,13.97392
959745,12.387759
596249,23.284874
755122,79.36138
555661,5.118731
817419,36.07608
880442,19.991922
96338,23.438969
692706,35.879787
63108,49.132404
1123942,24.092081
193015,11.481436
503824,48.260326
1114841,95.8562
988924,7.86848
387681,27.07345
388996,15.778778
916901,7.8367176
1049808,25.746437
557686,64.68097
464682,10.162991
896288,10.896534
1176920,17.524683
732040,42.157185
596544,15.9323225
224461,32.394634
1383140,18.130272
772665,15.361686
586843,14.952182
1424612,17.247555
241069,21.241999
1369551,4.8001122
445165,338.12985
802485,7.6782966
99156,9.975064
20827,11.493708
661706,211.2436
1457506,6.688717
420930,21.476748
593763,29.314507
150687,10.653265
740369,9.350911
1450840,20.825102
337514,14.128796
347449,15.264282
108733,7.1539435
1419011,19.022879
1371680,17.876045
708564,8.2768755
1263682,11.17918
119786,50.53849
846370,9.900717
868103,122.40994
366084,59.365692
704533,14.220597
1112549,23.691347
1479454,21.573631
1207051,17.783285
1463129,14.178322
957462,31.205845
741820,18.769142
1371059,33.784386
1295984,12.800981
436296,8.538425
603091,8.397655
546740,34.883137
1362585,15.413713
516755,20.247396
1179517,11.3982725
414733,13.358552
658247,14.526881
794774,83.05628
1251926,19.348907
1449191,10.34158
433110,13.210819
681598,96.27563
1329366,39.04967
1469748,20.921562
1405076,6.6083155
1481888,17.557909
323571,5.4065714
1334823,34.95164
1017756,36.976738
2666,10.137724
1001889,7.1356316
503572,44.710808
1266200,17.939373
1052018,5.318757
804597,13.837201
256201,18.432707
1461172,39.63553
579726,25.69796
306155,4.8390045
52526,15.116557
991765,11.480038
292800,30.446081
1429325,18.492807
1299852,12.186098
1475116,22.866938
189198,49.3887
1389251,3.781786
516312,4.142858
509929,14.628019
1039479,15.642045
812865,15.495049
1098969,18.073996
305855,14.789829
814097,14.844288
855066,12.009669
311043,31.18868
1239978,8.843923
9217,20.441603
119111,13.237102
88290,17.429188
127591,26.176702
614844,19.760778
944195,10.519176
1062696,2.8201027
1133907,12.467031
584588,8.24689
181310,15.937281
782933,13.35988
498114,45.796528
878404,11.349547
619029,24.655584
87679,13.627807
232729,15.613818
893633,15.348728
771211,19.273
1306376,12.056472
285695,17.737953
875452,15.825162
822030,10.263377
901772,18.115866
853058,67.7427
563003,4.6974516
87821,15.323478
997561,37.93065
1373746,46.762222
7929,17.579514
1373893,18.647116
611231,7.733244
1400941,5.067945
327500,25.825026
1130335,28.528269
561077,5.108186
304764,12.304018
1276431,9.297087
650282,15.920232
321877,11.719447
1366267,14.668073
1451668,15.15351
228845,82.95266
250615,16.605976
170996,41.42739
1477677,39.05793
625664,40.478577
1106923,8.342388
210418,12.043237
1117664,67.80399
128179,20.628725
1165780,14.983327
626150,40.186108
871240,8.927797
74443,7.204284
801562,12.29545
627379,11.903181
939539,14.651074
1375032,24.859028
313258,70.81916
652446,28.242907
603685,35.238106
1251024,17.761753
782579,10.350577
252155,40.255337
1198539,21.00922
959767,13.281124
76935,139.87119
969809,98.77628
991275,3.47027
493935,17.803919
284831,49.49152
530281,26.557077
503449,8.790646
83759,10.897181
1444980,9.243691
1265997,14.436331
484875,27.350632
1270784,22.123112
1187530,4.497977
690223,13.438751
640175,22.792528
255966,21.655962
1402629,18.468437
27416,33.17926
1425368,29.45901
911333,10.6659975
960850,81.718864
116318,23.37991
215750,28.492731
188420,4.5160313
830172,14.475259
420369,34.790962
664232,26.407724
655132,10.605929
921441,19.043621
897551,7.3795595
425687,3.926224
1310782,24.681122
1475036,16.54121
403272,17.091772
433462,124.716415
923843,17.683084
826063,12.581148
990567,91.73341
367455,7.0011444
243389,30.069618
508046,17.632154
1137701,9.39551
701084,15.703146
1286687,45.623333
1122896,7.371125
431132,6.6070676
232700,27.772108
614947,13.519462
21692,17.26597
2492,17.263218
60377,9.958741
1023735,10.9544935
1038716,13.528416
1225842,44.70768
1419001,11.162713
1030250,3.2122984
729470,24.356524
513353,12.924011
450973,14.87179
1448898,18.372242
1000376,65.084465
1080814,18.242083
386928,84.234146
736848,12.1255455
1469838,12.065403
839142,12.533568
1200384,9.64023
821814,23.02274
1450599,23.468498
674947,15.873521
473704,74.49487
1124937,13.12713
1465240,17.8754
371231,12.169082
138052,3.9278417
562813,31.011515
190068,15.844637
1266713,14.413148
691633,74.90869
1477481,30.91004
501980,56.851147
247101,4.054523
1096210,11.470005
428242,15.72921
1209855,3.3258
296243,27.38208
166024,8.578254
556852,12.304367
1384960,7.5335445
524830,18.215542
188157,26.960922
710906,17.538292
699624,11.897879
981443,17.747301
690789,28.00214
706181,10.473074
256606,24.8398
364161,17.777895
1318177,24.493168
1082852,8.091728
812305,13.49508
837233,13.603122
1021318,26.431599
1443529,23.869736
1427104,51.97976
202578,10.622915
1286763,28.671026
552187,11.876878
823831,12.604614
1007907,31.674381
98247,11.302445
213674,39.989754
962477,9.56312
798583,16.261215
721504,11.018602
698896,6.6218543
702482,34.888947
1113027,7.0675445
283930,6.9547224
905361,3.2520792
216520,112.99837
218188,22.461414
341130,25.808632
49300,17.744972
423330,7.866438
875704,20.121794
1078502,17.46151
172355,10.426127
1464484,11.455997
1212565,27.715338
717311,16.038803
763673,74.48285
1437658,11.01811
221598,30.03013
1053503,31.892883
335542,44.70114
1195370,18.076374
468886,20.440674
1134807,8.231435
155904,8.565847
1148175,9.757838
631518,35.519077
642485,40.92273
775660,132.05528
805856,23.889229
1032718,13.083478
801659,44.976505
1091862,9.092349
95512,14.26743
789813,7.2154665
1072214,52.201965
1284520,6.281415
509179,67.01187
26940,35.75982
337495,7.1957874
823316,10.919155
758388,9.428764
1282925,19.279507
1106140,31.61562
145003,20.294996
1024596,17.410988
238020,10.378195
546703,61.233368
658876,7.150235
59288,34.77528
1247908,8.979265
178299,15.050177
400665,11.61534
1090041,35.381916
136266,13.818722
661662,56.620438
51025,41.822784
1319417,15.428105
1208051,11.482286
548254,12.527274
1401017,21.188202
1261129,13.773585
943042,21.378216
464233,18.440664
303966,16.590645
711407,18.675514
409692,9.783145
357468,26.769833
63250,8.80822
1113045,3.884368
729031,16.662226
973799,30.828617
1091420,13.627569
970673,18.133133
339500,10.646747
852536,60.597435
922570,10.394114
165144,17.474165
1210155,37.516136
209078,7.839463
401322,23.820145
1048675,49.572914
529632,62.82428
906010,7.0245547
335709,39.231976
1213459,13.895375
892862,60.524166
125930,14.552697
1407521,22.348644
88921,15.848199
486321,22.0017
1293362,23.10434
306437,22.340786
582405,36.38392
19580,29.38113
991747,11.0622
903572,17.254612
386598,13.516803
1414252,7.670363
1179768,14.709053
877414,78.877914
129622,14.591666
1438794,18.025103
541489,30.763603
551557,9.472008
1337629,24.29783
1326441,46.306107
949207,25.441431
992723,72.54699
396278,7.6819925
975286,25.48741
1200273,9.933603
1217835,15.596577
184575,15.676223
832408,11.749845
61964,16.576027
417679,20.012833
1303022,6.396374
619259,118.13419
307874,16.436718
1098434,6.6188602
732896,30.81229
1376049,19.226301
1466317,17.810205
842393,53.640472
995322,90.64631
798510,52.518158
1364205,26.175465
267889,54.74806
426997,8.806445
1422834,17.54732
1042904,17.731415
1256461,6.532364
1263025,9.528385
1218040,93.173325
1307458,28.78661
601079,16.18132
752874,23.958742
869663,126.994385
1161074,78.77445
259898,24.872208
149376,13.277753
864717,10.119109
103446,148.81131
192096,20.207834
72765,67.32466
673995,10.800799
126990,14.4265995
579002,12.949258
1009046,9.326619
165278,11.094804
350836,6.324289
708608,14.42143
606400,22.243692
1392535,37.733112
278717,22.408909
1248186,22.017
325310,24.330559
514359,66.644
123128,9.446776
1072728,14.409055
304704,16.327188
1467903,11.699935
1084031,73.942024
1018875,13.540988
933631,24.832216
1099867,42.59815
95832,91.5436
1201192,19.352293
105013,9.112747
527245,13.75152
1019355,21.287167
413015,153.29524
46521,128.15797
148251,26.852577
1022722,45.83278
519906,15.235373
164837,4.624055
518828,13.947999
965943,15.784011
577775,26.425987
1439461,14.731773
1327532,33.41677
280632,11.633074
1193012,23.21942
1143125,7.5040927
640289,5.731685
860904,19.844822
353936,48.361176
445007,29.249096
180443,36.45438
11167,43.73209
197827,9.144
1398723,46.68841
724684,31.112839
832874,19.646788
1284237,11.586013
757038,4.325376
567584,50.640507
637596,17.43418
78628,10.045524
297201,21.64183
1427212,39.548717
181928,9.625907
775782,39.13856
564080,8.918074
1027949,19.025442
178344,3.2080956
145943,24.377354
941648,18.603815
296608,28.910685
490647,12.507341
11798,32.860622
1038458,8.320398
1259626,14.280745
805963,26.030577
159183,7.7171702
320314,16.106405
20691,45.17559
79419,30.976526
1205438,29.635609
1407451,16.85281
1351726,4.4664702
607303,13.803224
469360,20.721983
988384,5.266595
672066,16.839006
962938,16.847048
627855,45.881264
509651,11.998099
496828,32.92665
11931,37.903378
977389,4.72655
457855,22.008968
272231,36.010956
1201717,12.029098
40585,16.608656
1072017,11.172721
1071408,21.030964
366233,9.850365
1279341,17.950064
526242,12.290753
830144,17.274412
729993,15.212543
172302,10.691358
372443,41.315197
671591,30.42962
1211154,48.644386
661862,38.24108
280663,8.896888
21859,17.895397
1286997,19.259989
611175,37.335464
1162607,18.250563
414631,69.799164
569368,15.594385
466199,20.036417
967315,21.846283
723105,24.116705
1448247,34.16676
122220,17.744808
933297,11.581497
1481379,13.286733
93616,32.780914
1196837,4.5483847
992542,25.951662
858033,12.616205
773788,9.840512
1320384,7.8491735
1376654,13.350404
325858,14.214785
181574,66.71416
838447,11.962037
1054666,14.109508
218485,16.592646
405020,23.768503
842664,15.246578
1022027,18.70515
1435874,26.666397
78690,16.37317
876563,10.602123
1112604,9.309814
1065240,14.792405
420103,15.058008
198252,51.322105
565345,11.055431
1195473,5.988315
311845,18.97464
524742,14.239152
644176,14.465216
244558,42.28515
612831,86.186005
192293,8.629036
1006434,36.31946
338042,8.719013
1271003,8.941699
979648,15.295279
20845,15.857361
1444187,7.8670154
830005,57.795353
1216679,29.04223
1017664,15.246717
1020613,29.5577
212124,20.509132
936529,9.399416
1385896,6.082939
343116,7.216299
1416389,26.07674
156970,24.88082
1355114,3.2419302
32407,14.283951
307180,15.576717
756247,26.457287
1271718,18.831732
267062,7.212251
112512,3.9078224
653342,24.35939
885300,10.393033
1480968,27.707521
242258,12.236126
513106,14.776636
528642,6.4184856
691513,20.09688
1044314,19.171011
1063516,22.390862
1209348,16.50751
1286443,23.913498
1252869,14.80837
1258932,26.754583
1051871,20.421604
504424,7.75123
948806,9.968498
892392,8.999995
1339591,15.513382
401435,18.22613
989612,19.310644
815304,39.583992
945035,29.210867
421683,11.268284
30130,8.361117
129289,10.807791
57138,141.67957
650861,32.365234
1432828,13.645842
1177606,16.176859
9089,10.8191185
714931,7.7290244
341394,9.566855
173289,44.81598
1268519,15.0981045
1135479,14.4435835
266694,31.50499
39912,44.702362
1451194,16.04798
349549,19.774473
1039237,27.245087
1226433,11.7010765
110841,29.869762
577820,35.806202
1432018,28.158222
729437,14.772003
201044,12.26954
766140,15.160752
100596,11.330583
832730,12.515649
554924,30.371729
1126130,6.0307283
98869,13.308829
5421,38.297565
884845,14.225384
1422816,21.380917
1380252,24.027811
517123,16.38604
1348029,8.288333
1289515,21.84686
119063,12.93034
230183,10.948635
643266,10.621755
43260,17.886951
800424,14.344977
239303,8.771973
425778,27.634413
981828,15.706371
777766,43.49802
1481163,2.8048031
718217,5.704221
137873,19.788403
978646,21.637173
1211455,22.393265
847556,15.543588
985489,30.346548
859561,10.9680395
788431,27.100739
1413148,59.771824
23878,20.847702
615494,16.614252
800267,112.91501
1366038,12.4208555
1067250,35.39001
838986,39.26877
1077997,8.158964
1396377,19.14321
362424,86.25471
544123,11.002077
28953,19.225607
727190,6.7277865
998847,71.36285
1039230,16.753338
156607,8.433575
637064,26.759811
1465949,139.49934
738950,20.535826
465137,15.260657
448022,16.486855
1012917,24.975765
772844,9.419859
87940,9.302686
457018,131.90266
140484,23.627163
371811,10.801681
636767,40.403553
446432,37.093468
1123327,22.203918
218787,43.673153
506299,23.845076
1251489,13.819464
180849,23.763536
896560,55.254887
861941,6.140248
1250373,48.46261
1461187,34.204216
895552,84.91809
431036,25.372284
1474864,10.118998
288488,7.1476626
810181,11.792625
406126,8.528727
770555,7.8584194
127492,43.72055
1009268,37.481514
1285608,13.466011
1072574,16.63325
620594,14.970433
830578,16.197298
860801,4.363664
1397029,32.026386
895809,12.586142
417304,22.645357
1431191,10.557745
793276,18.563395
209702,11.196757
286867,7.6359863
137859,104.1321
1010041,32.876015
827728,17.6451
982260,15.322677
1223336,39.488842
403595,17.822956
130869,16.38422
1322591,25.065697
399352,16.88341
929912,20.749443
638725,11.168656
104874,12.152125
403520,14.505274
1227067,30.76015
1053544,6.494627
349038,81.05049
278248,41.388
97611,17.890835
326815,22.410679
445656,11.512256
1353675,16.267218
914465,13.279609
416593,11.952454
696826,19.257719
504539,27.751556
1056091,9.406142
742575,22.724861
1089473,29.247732
1072925,11.447771
348255,31.497046
231180,17.40418
669950,101.85128
396302,18.18329
320164,20.123224
715486,14.642688
297066,37.368984
684695,39.7463
724397,12.046231
141102,14.664434
1182506,13.755566
836288,15.775146
30448,11.383705
677442,12.718468
913756,20.777977
927054,13.566846
1142583,14.300956
1238307,84.7269
1457806,13.305275
13283,12.534122
1057747,19.2947
1448071,21.478361
1241232,20.536278
377535,11.094536
1074312,105.94556
1241011,12.057462
984301,20.468279
409614,9.953052
747698,11.296577
54724,8.761645
923264,3.4024289
1009034,20.906782
590413,17.137238
516007,6.359239
1360801,15.081621
853836,10.204073
966722,8.993544
558646,7.517964
15489,10.640186
1118392,13.75684
1251003,23.125307
673567,13.570761
283831,22.34063
415931,36.99817
704793,26.617128
496525,10.37475
1017966,32.91787
337375,9.810532
1245836,13.085339
73239,19.80028
613068,6.097865
836495,34.69588
1010221,14.069229
579503,38.196903
469841,6.3741646
1042941,16.625002
147366,95.28814
357155,8.243216
103931,21.543882
1072443,6.267999
1204869,11.070772
1003479,23.804989
988884,21.685675
1036661,21.118368
351784,16.923841
20420,26.14857
887765,69.104576
1417079,89.61601
539503,26.632309
945624,18.010422
197135,6.390022
564039,12.535975
1044040,12.79801
1129169,10.331884
403280,50.50583
902809,25.951445
261915,36.957207
1352890,2.9429152
1044504,18.271948
1440598,19.99387
293865,13.903012
1272017,14.8793335
933815,15.442792
796683,19.380966
63235,14.218536
614323,18.662838
159047,15.781438
1103518,26.546041
887629,18.149246
646973,7.2713065
394706,14.799519
325267,13.29187
1084243,11.569975
1076506,57.046947
28601,7.01556
34501,39.13081
49587,3.9341178
562221,58.33566
709471,45.770226
343635,29.796831
1242005,13.779317
449735,12.474986
159298,4.0535836
1033818,17.024033
1297124,7.584065
427059,17.889439
59100,16.340326
11073,14.780244
4242,20.566881
348533,33.387463
52681,9.617411
903458,12.749417
284624,30.35198
308109,13.370491
605408,25.721668
748225,18.2793
708596,28.08206
1323282,8.605126
355186,13.613787
1082983,11.843788
68807,14.09662
1462516,16.318588
463096,26.380411
1370398,40.32721
1069063,9.894574
987357,8.04321
1367903,12.476725
1223616,19.414825
1173715,29.26749
555195,9.3544655
1199852,36.915997
285602,8.434164
1431889,14.731991
1120365,77.38588
1003150,10.09289
899156,11.956448
954067,51.400627
829863,9.810686
274677,28.783491
278225,17.352057
825593,10.395385
861185,43.77855
1035810,53.525562
219628,18.72122
1256338,19.5378
179913,26.403
52212,14.231415
958624,33.862045
347014,12.146714
839007,3.272864
671739,20.031473
984070,32.19014
19358,6.724003
589295,51.26535
1039868,10.175256
947285,37.08089
1373693,19.891191
560092,17.473751
1129177,30.93922
1060432,21.247505
1223449,16.333055
1281557,17.485806
564940,19.887203
682798,24.317995
928144,8.532648
1055342,8.954362
490595,19.235706
1065251,91.63932
192435,4.624609
1045354,13.264038
536865,5.861124
205677,24.723213
281967,84.41032
950251,33.37275
386316,11.076863
1235750,38.61651
1119966,60.040524
1013176,11.069423
350112,5.034827
1159171,3.0221016
900684,40.469845
109858,15.483059
1237392,16.290842
1048383,15.141122
768234,19.402748
602535,10.938939
210700,13.810443
411185,39.717495
1463941,15.563976
455274,16.164034
757648,10.0229225
356242,15.538627
715927,9.20195
1410985,12.435499
938119,12.258016
793591,17.875685
1310867,3.2554057
1121713,100.36261
594238,30.136187
87627,22.447193
1075122,15.991681
420759,15.954665
1333336,81.38251
601028,7.8224573
560607,25.077717
1200318,13.248056
729392,8.129107
637750,32.662376
1383987,14.060587
454563,19.093128
1345568,27.16411
500259,17.225502
1363195,36.404663
821457,11.367314
278332,30.487547
1403386,80.406265
755856,43.20713
341845,26.745955
231657,14.809584
657378,25.674564
1042305,25.488659
634185,16.409443
182925,42.56925
677436,75.22396
1115695,41.21141
572546,19.780329
1241476,9.887677
443373,9.152693
1477058,20.113758
37564,28.800262
1247653,37.97908
709211,31.593317
1449943,45.79185
561944,30.787445
674607,13.568597
1461846,14.991812
504671,45.427094
631696,43.812447
740765,15.520064
727199,13.893542
811866,16.775675
258524,57.97191
453413,3.947515
720067,13.126274
1407505,15.306021
958631,30.501896
1413356,8.496137
42354,11.398391
61290,13.831248
1251731,29.41686
11132,8.596023
51774,26.970037
797581,11.908319
663982,21.461733
1092526,16.124422
538281,11.623924
471400,73.75297
1434601,379.5937
934248,4.1223946
452502,26.798794
163360,15.45863
1223325,27.624325
1130524,9.155453
540856,41.356327
468059,38.719902
173797,18.320347
218446,25.74798
862001,15.402979
769016,47.383057
1216570,18.842552
203170,12.389077
1244412,31.346798
353924,10.525203
1312589,10.994194
1310200,27.877083
1312182,8.521446
532309,15.139879
1177343,6.005762
531756,11.524917
810913,54.693882
934689,37.422375
475009,17.110516
1475709,14.477
561637,7.878862
890807,4.943093
16695,20.238564
718260,10.125863
367769,10.414114
423615,10.705809
1397600,10.68871
459172,9.358023
1355104,19.01609
439467,12.44092
848556,12.6283655
145816,16.13987
1422519,33.24806
442764,18.891743
680428,24.578487
64793,34.655285
307854,9.245176
230424,6.0557795
221469,24.375053
46317,21.31445
838421,35.98631
37132,11.585623
902620,10.277565
598092,18.268843
268114,46.66388
1082091,16.602745
718494,14.741503
703435,17.149244
711980,7.4059386
212472,10.165639
1058598,12.223692
1095469,13.392613
641367,53.569027
41160,13.421742
648869,13.045657
1099323,132.12738
694283,40.4211
630971,21.853954
589479,27.24584
252468,30.223646
777664,12.88942
1402830,39.20711
1007238,16.827974
1433371,36.119305
305004,18.598133
1444068,12.223247
479529,11.395323
1226593,24.843496
267276,19.252045
1380414,36.94564
515376,14.379579
651416,10.547405
1018095,171.92224
1309302,20.651674
96034,17.323416
845160,11.365068
43316,17.854406
1252789,105.70808
289510,193.22333
193573,15.647636
733474,17.90052
84012,12.6740675
522747,18.468851
554977,13.5593815
1206895,49.273056
1431067,32.248398
349828,39.32756
1062833,84.171135
254331,34.790253
1065368,16.041693
319145,9.796169
968457,29.896711
1213524,23.783346
1119817,12.098536
1137008,25.588955
1043314,21.59956
102609,9.812465
259217,39.887096
22385,50.024178
1351618,62.338707
277810,19.310083
388036,14.621366
684890,9.229824
423293,31.491825
1215446,9.978757
1056891,18.60634
640163,25.45463
1254841,11.635379
473663,5.345331
52849,15.385128
485484,28.934498
245966,20.231384
1031516,12.213528
22465,17.839693
682763,20.533485
1007828,10.730671
683221,17.543808
78127,20.693844
872049,42.180004
698991,20.642544
67239,27.948671
330560,18.654856
386170,30.620192
1210875,22.342934
848771,5.102771
414185,19.876085
1426083,90.084045
1248405,11.473808
1166070,18.988045
1298026,11.47905
718505,11.305065
1191487,11.59834
393323,20.929201
977947,8.624841
701030,19.187494
752035,3.6415877
1311951,9.578141
78728,24.568434
1144998,19.429466
574381,16.564352
560133,14.297768
25958,15.546081
243824,16.505701
1302764,10.983578
1424332,51.81714
1206933,6.888258
409549,8.364055
392063,11.12629
112948,7.7395177
1150947,79.70326
1424425,17.389378
1252387,8.524094
286906,16.127329
191460,4.176822
930093,14.203554
881460,205.72195
1376771,11.334673
376140,17.538437
1221542,24.061045
286535,8.518214
780912,65.24019
1298024,20.09746
1122621,60.16543
139172,13.894516
834955,36.007805
736601,10.867301
984589,11.038098
880403,39.26325
385218,3.5675101
436924,36.460014
1417419,17.563759
803663,37.069496
654315,4.6697073
811290,4.3543386
606066,10.582461
200285,4.969701
938078,15.589567
1208326,12.903786
193656,10.744948
24545,20.950228
100182,17.345057
269162,25.69346
975761,19.911762
360588,35.482666
1188170,51.211185
1033057,8.986817
859205,15.830474
1389716,98.0408
290243,14.191416
442488,28.906021
318681,11.45669
1051798,7.903711
434720,12.587169
217406,56.899273
1287063,19.14536
429413,18.312647
509356,13.045865
841884,8.675091
594517,21.236288
1050149,15.923835
53070,9.817266
632070,21.041609
376476,40.14353
1473149,43.70035
1254,22.409195
142714,18.554764
1361505,8.939881
1345329,7.357925
855306,17.285479
306387,8.853357
288791,21.905466
1268158,30.964527
955151,26.627007
799578,51.677734
862319,13.733047
818265,14.652481
452637,10.639765
55294,18.666912
497246,17.803772
138046,161.56258
783604,24.26831
1153041,12.157959
787873,3.0202835
681758,10.597399
452534,26.657051
862560,9.333813
994264,22.974272
255665,25.234674
281103,8.142623
126186,17.834574
385518,17.358389
886114,49.6714
523104,11.6887455
786809,32.726643
534453,9.099526
889020,19.164131
206977,22.91989
1275179,19.155464
687365,29.47717
397088,6.9609036
1432590,39.287266
745550,8.79888
1429826,9.903776
692195,52.577576
438830,41.73514
479296,8.224041
1228889,27.976355
811525,31.737091
1430915,57.818684
84469,12.846202
451118,7.037194
573946,25.176476
756330,9.241216
360246,69.98061
846775,14.467233
1336314,25.332914
296425,24.977102
1457805,10.247805
1328520,21.501568
997130,3.0098028
543639,5.3327355
429334,11.160297
868742,15.507442
577743,14.619776
74959,8.416555
651321,78.57454
42176,13.718459
318940,48.718178
597127,25.53758
863195,4.2926245
1002707,6.185863
1306625,85.80473
892069,22.820192
320422,11.2082615
1046651,23.321981
744261,9.449476
538518,56.46656
731175,10.1863985
1161420,46.724762
521396,6.4346337
1458318,24.288477
1302064,18.238958
917942,29.76986
1233555,5.155902
177542,20.468248
330440,77.07965
79070,62.304497
1001831,17.518665
343680,29.449541
1257786,30.61763
1025791,10.869987
980188,20.802233
917007,22.012989
1138933,48.4615
833642,15.397974
85352,14.92382
978301,14.411391
803138,86.96334
386003,11.27389
885965,17.524612
162928,8.258509
535585,13.111557
414094,7.1923275
785758,11.886199
877067,18.49133
1124181,31.449896
1277464,32.69879
150417,15.915662
621284,13.716806
1148003,15.210537
1245350,44.534554
27490,15.181349
306052,71.83646
750225,41.864502
17656,13.28238
1107010,12.806556
1475956,19.647074
1299499,15.726363
767903,56.091396
587248,8.774525
705589,10.995738
267118,15.822691
441398,27.267614
1177197,14.479628
843341,10.60784
406418,10.906604
773641,15.748087
504076,24.280645
491806,30.593094
126131,22.554699
277705,27.390255
114222,15.6242075
395340,21.369116
1203786,10.404662
34294,33.080654
739684,13.151152
867778,7.848756
836292,165.4655
1220550,10.812668
284731,6.7835865
478433,26.862122
653970,12.523656
1136016,6.5492907
886758,10.860454
1176375,71.27973
817648,49.117336
783751,35.969635
950013,12.44793
859289,42.703613
1136671,14.385267
800054,26.667505
260685,9.952336
746083,12.792586
1041551,10.155086
1130813,26.149567
137948,44.260002
562375,12.053777
934775,58.18234
337221,12.351052
1323333,13.194918
595335,38.05995
319119,23.954052
1424577,15.726817
912732,14.031186
448502,31.691166
1063680,20.676683
898013,19.757526
1086962,10.038579
1374755,19.198418
1151756,17.089119
275888,23.114985
1392855,17.61518
1473521,27.545134
1298101,51.041183
1377091,30.441666
1261281,21.78649
799427,6.2326345
117575,14.351015
428727,19.213636
1197184,17.443687
558701,18.1494
800123,17.92936
12637,10.806572
597958,39.27833
1086659,19.796463
1148196,8.785148
706011,6.958167
1087573,5.0841355
1203228,13.648708
789117,40.78621
1310194,8.895513
1276733,10.546969
753832,31.342234
998489,21.696907
113931,40.552723
1250587,4.1712055
266146,17.650204
616960,7.016657
1452445,3.9183865
1438728,47.90463
820231,17.381794
995813,64.82149
476869,160.29189
551913,46.88718
502772,28.13047
203153,42.698975
117539,197.71404
258941,4.166041
843282,28.060032
760123,20.931334
1182559,56.31446
943706,15.620034
1478938,38.890366
760048,15.97684
1468322,14.181702
579143,13.678936
360901,3.6714525
801043,23.277203
597166,28.027515
794963,13.641456
196781,18.3626
1214526,17.36696
1039729,26.160145
1384272,114.386314
1450605,42.09039
1111968,7.629443
662422,33.43981
945869,3.8452878
145559,55.482952
1254807,14.6567955
481765,16.665617
384348,7.126904
1172688,22.78976
198898,17.38132
1131038,18.142458
330514,42.33294
876538,10.17739
626425,13.668339
1015135,12.744115
864221,20.509481
651314,30.61083
920797,31.719978
806111,15.867503
53340,17.923565
731214,14.190555
335862,43.57254
461049,17.001928
834474,47.393337
577188,73.977516
471941,15.51643
1179120,59.94004
37789,20.97826
697149,20.26336
347137,11.716108
159795,38.942184
371453,17.361614
340567,22.101452
819028,13.563742
379735,15.982654
263870,34.854923
490279,27.081484
1086794,5.7305307
941320,7.6018314
1377912,15.995943
65712,29.5343
31788,13.552163
1007103,11.386584
1436577,146.05135
125782,16.47679
188171,88.717125
1418491,5.026778
801547,16.088661
181487,63.88605
371675,14.378505
239236,24.86948
936666,13.515689
23628,13.208425
72795,21.939432
1381508,9.990066
135145,24.416578
1345484,8.159394
734899,31.062975
1148531,7.560586
214293,17.671755
453934,15.003644
838556,80.228676
677999,10.919158
486947,41.239086
509352,8.566724
199506,13.676888
115107,13.308972
1107395,32.25436
600195,12.838107
1368170,9.52577
814701,15.212442
164132,22.13803
617293,92.40456
700004,16.064566
1258399,19.49655
370985,13.364126
274697,36.31243
107492,13.16743
926113,95.28382
617645,12.895825
762832,7.397163
468565,11.8191185
829203,13.010636
1123628,20.893959
192630,45.1071
439862,29.348957
807378,24.175735
369359,23.876225
1425549,36.753124
1237734,5.1727095
180487,75.31735
1275390,129.77153
1008533,19.313595
182907,38.640923
175412,11.372564
1267476,26.905546
499472,9.052149
756836,15.960338
1266558,28.813715
451001,10.284762
893527,10.671548
1303892,11.524809
49190,10.746825
1041255,32.732803
86192,22.703049
99950,29.306238
901297,8.348377
63758,21.539616
1157718,16.152346
793489,38.940384
803447,10.879233
86248,29.287848
320239,9.0430155
134751,13.303808
151697,110.342255
901513,27.304247
1170029,18.416855
960612,13.187481
502215,17.270544
643147,23.52438
1175218,15.888485
482926,2.8553784
1127389,31.563637
1372509,5.2901673
956315,56.854237
268360,22.604013
1074465,9.051876
649021,22.036545
759934,5.1681876
938162,16.010712
1259252,38.65771
79396,191.52762
442235,13.366466
819667,12.834544
1277676,31.388416
1117843,18.737509
810380,5.926879
760046,12.599937
1142219,5.771828
1344614,10.11453
391008,66.60208
302755,15.130443
1436755,10.649588
1150995,19.536066
890993,18.036808
215924,16.61335
1467142,23.772217
1050300,22.041626
631975,13.63946
175978,22.809938
604826,14.483925
182104,32.509346
93920,15.92492
972363,29.5327
840622,46.39477
347856,31.245428
339238,18.361996
420499,34.308075
915354,18.680637
1401044,29.686201
1181426,48.146725
319917,35.238132
670246,200.25813
833225,6.5427403
671677,13.714013
555287,10.427178
88364,7.934856
334808,7.9236536
1211894,10.255643
1317463,11.025101
136846,113.862175
265516,115.36663
1404756,17.92592
677234,48.72789
1229262,19.262394
37811,14.644549
181037,21.609772
1314769,17.808306
12000,10.984755
782001,19.943487
972520,13.907888
2989,46.368923
476125,14.167354
169359,6.6270204
989333,21.023617
686569,7.2247443
670917,18.45777
1313632,22.69068
369232,10.296631
519544,9.91138
1372485,12.198906
982278,9.5512495
199771,7.040509
160175,29.738953
439258,11.153704
930136,16.00388
850244,42.804916
457764,40.234116
431221,10.63527
599361,4.216426
1020027,6.321106
1164109,18.801239
1260087,66.35323
866357,18.466478
1423563,31.577398
452540,17.22741
1389950,5.46066
712657,26.034973
149908,25.200407
728975,39.028076
1057749,10.629574
509433,32.49908
633826,17.17959
1039776,48.37138
1437433,7.2141953
381334,6.784969
298164,3.0208223
385262,22.320366
979179,13.069272
285314,56.76189
526403,13.610424
229260,66.54266
1190742,8.112114
886441,27.430735
186956,9.325373
1287012,3.9418292
979548,31.656017
250710,44.22283
1309379,14.56875
1395301,6.6194506
201503,13.111093
71474,15.774494
1268236,16.50543
992691,9.320724
1328429,14.872459
734585,9.80903
254683,5.52909
687044,21.510057
416695,20.686289
1021987,14.161865
261025,12.872621
766124,36.59249
749869,9.286673
332319,48.52236
691918,35.44027
204795,16.092703
1267032,37.502136
397944,43.742393
1168455,54.409283
125361,13.731389
539083,22.41592
974873,11.3241
402863,27.533886
1269083,15.148782
1406262,39.79294
412596,18.836645
1135846,70.41612
200363,17.149582
1234513,70.89862
229314,16.697212
677943,34.20449
573322,40.945766
489028,18.2987
1011050,14.882658
1076555,91.86754
509160,17.346317
16940,19.582142
205566,19.390644
1167021,21.278742
47936,150.61765
85256,36.32133
404901,5.8713064
844466,83.991005
1329126,23.582872
86260,6.594138
703507,5.7715173
704138,43.12388
39775,7.2944293
1022010,7.956822
466929,8.558094
1220648,16.338457
1360153,63.08578
426476,14.359578
375667,123.97361
598063,18.449932
979550,25.245623
755201,45.280132
841925,32.508377
297661,23.705856
23016,11.589974
1287826,7.8541775
623550,35.329018
123348,34.094845
76790,8.1820965
333044,11.220154
655611,23.609385
1334316,18.987316
288653,12.348366
330672,11.605548
515301,21.390678
497107,17.475397
220831,13.899055
431913,15.623149
1211868,16.031189
397225,9.911645
323547,24.807987
749771,10.369604
1181649,11.532919
720377,5.3873954
1390783,81.51803
1155873,10.316921
151018,12.187827
1459971,9.664207
1043027,55.548332
1313307,18.3608
862205,7.699385
38795,18.58736
52217,51.00818
188875,28.164202
1349554,69.2127
624951,13.530993
874651,19.1176
1276679,9.174608
1035456,12.650872
1424623,6.9395776
273783,9.937655
378326,8.099587
733876,8.730671
443055,25.478153
850818,8.711571
1441011,66.29866
508543,31.595787
529366,34.887062
1450099,18.048004
1178037,32.47344
1481846,10.711782
650263,8.836809
1457382,24.257837
628673,46.54372
180196,28.578402
1020875,25.523619
156774,61.302074
145223,25.570026
852262,23.068884
1285922,40.415985
938114,57.269497
1375787,12.962896
473383,8.120787
903050,27.112835
739268,15.618105
1384271,21.558323
1008358,10.738846
535657,11.057535
598649,32.560852
686314,13.037305
490009,61.48213
1200290,11.906834
48641,9.183872
88250,12.485177
1116231,8.657214
161373,16.743809
173539,12.604235
1345436,11.152906
416390,4.002272
446083,92.17715
810569,29.77713
1463137,12.024305
452318,5.908784
594398,3.948527
221230,8.494723
825213,11.485852
1428848,32.218735
262479,10.172474
255167,10.79624
1335697,22.77186
261052,6.242922
917024,8.562633
266742,19.980154
331887,16.304836
1279279,12.424808
1155514,3.2293425
370289,15.9696045
1012899,11.785728
402364,60.115574
815339,30.783648
1338550,22.495802
1096212,46.945705
378063,50.677013
432308,4.656534
705302,12.676314
337070,61.21711
24058,16.063818
860554,18.570692
632605,20.133373
1037295,52.400745
1081067,15.144909
131096,13.594765
245669,22.63268
599028,45.067047
59154,14.518965
1262553,15.1409445
186537,13.226793
984450,8.678807
1204031,32.566143
736592,22.953617
372540,4.476413
1031767,7.72055
1444905,15.890019
956370,36.397194
71280,6.9613686
171238,18.13482
79941,16.691458
1155509,105.43549
1294686,32.18771
1228054,8.498811
84657,10.080187
1113603,14.018348
347383,21.193949
574738,57.214035
1060563,14.911668
1418619,30.05052
1177272,85.30571
1284993,13.051556
806191,37.910698
1109491,9.3196535
829379,3.2798424
1067558,4.7369866
1440203,28.572126
523343,13.22265
268082,17.381462
1103867,13.2468815
1226720,22.175259
1376802,24.55914
267527,8.629817
972842,45.708057
329830,7.4582725
1349486,8.7129
566226,17.9943
914075,14.6559
1071603,8.712046
1454610,20.193373
687515,101.16346
1361848,20.93321
1059604,75.031425
478020,20.641336
493510,19.037596
1421169,30.03938
436749,54.156246
175348,42.716545
1227521,17.186102
1260819,16.490887
706398,16.24838
252368,10.0765705
1361072,26.725357
678439,26.065943
785208,10.03126
594759,8.513595
374652,18.578592
642289,49.366936
872750,46.059704
588007,41.28363
59527,16.256409
1295764,10.287488
